id,name
1,Company_1
2,Company_2
3,Company_3
4,Company_4
5,Company_5
6,Company_6
7,Company_7
8,Company_8
9,Company_9
10,Company_10
11,Company_11
12,Company_12
13,Company_13
14,Company_14
15,Company_15
16,Company_16
17,Company_17
18,Company_18
19,Company_19
20,Company_20
21,Company_21
22,Company_22
23,Company_23
24,Company_24
25,Company_25
26,Company_26
27,Company_27
28,Company_28
29,Company_29
30,Company_30
31,Company_31
32,Company_32
33,Company_33
34,Company_34
35,Company_35
36,Company_36
37,Company_37
38,Company_38
39,Company_39
40,Company_40
41,Company_41
42,Company_42
43,Company_43
44,Company_44
45,Company_45
46,Company_46
47,Company_47
48,Company_48
49,Company_49
50,Company_50
51,Company_51
52,Company_52
53,Company_53
54,Company_54
55,Company_55
56,Company_56
57,Company_57
58,Company_58
59,Company_59
60,Company_60
61,Company_61
62,Company_62
63,Company_63
64,Company_64
65,Company_65
66,Company_66
67,Company_67
68,Company_68
69,Company_69
70,Company_70
71,Company_71
72,Company_72
73,Company_73
74,Company_74
75,Company_75
76,Company_76
77,Company_77
78,Company_78
79,Company_79
80,Company_80
81,Company_81
82,Company_82
83,Company_83
84,Company_84
85,Company_85
86,Company_86
87,Company_87
88,Company_88
89,Company_89
90,Company_90
91,Company_91
92,Company_92
93,Company_93
94,Company_94
95,Company_95
96,Company_96
97,Company_97
98,Company_98
99,Company_99
100,Company_100
