id,name,age
1,Person_1,58
2,Person_2,25
3,Person_3,19
4,Person_4,65
5,Person_5,35
6,Person_6,33
7,Person_7,32
8,Person_8,26
9,Person_9,65
10,Person_10,24
11,Person_11,61
12,Person_12,65
13,Person_13,52
14,Person_14,23
15,Person_15,55
16,Person_16,45
17,Person_17,20
18,Person_18,19
19,Person_19,23
20,Person_20,31
21,Person_21,32
22,Person_22,50
23,Person_23,56
24,Person_24,19
25,Person_25,53
26,Person_26,30
27,Person_27,63
28,Person_28,59
29,Person_29,62
30,Person_30,52
31,Person_31,44
32,Person_32,32
33,Person_33,46
34,Person_34,55
35,Person_35,35
36,Person_36,69
37,Person_37,18
38,Person_38,66
39,Person_39,69
40,Person_40,28
41,Person_41,62
42,Person_42,45
43,Person_43,39
44,Person_44,35
45,Person_45,27
46,Person_46,31
47,Person_47,66
48,Person_48,39
49,Person_49,24
50,Person_50,23
51,Person_51,42
52,Person_52,24
53,Person_53,40
54,Person_54,40
55,Person_55,56
56,Person_56,34
57,Person_57,69
58,Person_58,20
59,Person_59,64
60,Person_60,47
61,Person_61,52
62,Person_62,25
63,Person_63,42
64,Person_64,23
65,Person_65,53
66,Person_66,36
67,Person_67,58
68,Person_68,57
69,Person_69,41
70,Person_70,54
71,Person_71,30
72,Person_72,63
73,Person_73,22
74,Person_74,20
75,Person_75,60
76,Person_76,32
77,Person_77,67
78,Person_78,36
79,Person_79,23
80,Person_80,32
81,Person_81,24
82,Person_82,42
83,Person_83,35
84,Person_84,47
85,Person_85,58
86,Person_86,41
87,Person_87,28
88,Person_88,41
89,Person_89,40
90,Person_90,31
91,Person_91,60
92,Person_92,35
93,Person_93,62
94,Person_94,61
95,Person_95,59
96,Person_96,22
97,Person_97,56
98,Person_98,58
99,Person_99,28
100,Person_100,52
101,Person_101,64
102,Person_102,33
103,Person_103,28
104,Person_104,47
105,Person_105,42
106,Person_106,35
107,Person_107,58
108,Person_108,62
109,Person_109,53
110,Person_110,32
111,Person_111,61
112,Person_112,38
113,Person_113,67
114,Person_114,67
115,Person_115,21
116,Person_116,32
117,Person_117,70
118,Person_118,20
119,Person_119,69
120,Person_120,38
121,Person_121,43
122,Person_122,35
123,Person_123,22
124,Person_124,31
125,Person_125,54
126,Person_126,63
127,Person_127,38
128,Person_128,31
129,Person_129,59
130,Person_130,49
131,Person_131,43
132,Person_132,59
133,Person_133,47
134,Person_134,27
135,Person_135,34
136,Person_136,26
137,Person_137,33
138,Person_138,65
139,Person_139,53
140,Person_140,52
141,Person_141,34
142,Person_142,65
143,Person_143,55
144,Person_144,45
145,Person_145,55
146,Person_146,43
147,Person_147,41
148,Person_148,32
149,Person_149,26
150,Person_150,50
151,Person_151,49
152,Person_152,23
153,Person_153,66
154,Person_154,21
155,Person_155,25
156,Person_156,27
157,Person_157,58
158,Person_158,28
159,Person_159,68
160,Person_160,61
161,Person_161,45
162,Person_162,56
163,Person_163,22
164,Person_164,42
165,Person_165,42
166,Person_166,56
167,Person_167,47
168,Person_168,51
169,Person_169,34
170,Person_170,53
171,Person_171,18
172,Person_172,61
173,Person_173,64
174,Person_174,25
175,Person_175,61
176,Person_176,52
177,Person_177,66
178,Person_178,35
179,Person_179,67
180,Person_180,59
181,Person_181,39
182,Person_182,25
183,Person_183,36
184,Person_184,45
185,Person_185,28
186,Person_186,47
187,Person_187,18
188,Person_188,64
189,Person_189,64
190,Person_190,34
191,Person_191,50
192,Person_192,66
193,Person_193,29
194,Person_194,50
195,Person_195,24
196,Person_196,58
197,Person_197,37
198,Person_198,58
199,Person_199,50
200,Person_200,56
201,Person_201,30
202,Person_202,27
203,Person_203,41
204,Person_204,66
205,Person_205,28
206,Person_206,52
207,Person_207,67
208,Person_208,51
209,Person_209,18
210,Person_210,56
211,Person_211,38
212,Person_212,49
213,Person_213,19
214,Person_214,25
215,Person_215,41
216,Person_216,69
217,Person_217,37
218,Person_218,33
219,Person_219,21
220,Person_220,33
221,Person_221,54
222,Person_222,23
223,Person_223,23
224,Person_224,64
225,Person_225,49
226,Person_226,70
227,Person_227,22
228,Person_228,66
229,Person_229,52
230,Person_230,67
231,Person_231,26
232,Person_232,26
233,Person_233,60
234,Person_234,48
235,Person_235,53
236,Person_236,28
237,Person_237,34
238,Person_238,51
239,Person_239,56
240,Person_240,45
241,Person_241,31
242,Person_242,52
243,Person_243,66
244,Person_244,64
245,Person_245,62
246,Person_246,30
247,Person_247,63
248,Person_248,37
249,Person_249,43
250,Person_250,60
251,Person_251,59
252,Person_252,41
253,Person_253,46
254,Person_254,51
255,Person_255,46
256,Person_256,25
257,Person_257,33
258,Person_258,32
259,Person_259,22
260,Person_260,39
261,Person_261,19
262,Person_262,55
263,Person_263,53
264,Person_264,32
265,Person_265,55
266,Person_266,32
267,Person_267,18
268,Person_268,22
269,Person_269,63
270,Person_270,58
271,Person_271,21
272,Person_272,32
273,Person_273,22
274,Person_274,20
275,Person_275,39
276,Person_276,22
277,Person_277,50
278,Person_278,33
279,Person_279,35
280,Person_280,60
281,Person_281,49
282,Person_282,31
283,Person_283,52
284,Person_284,26
285,Person_285,64
286,Person_286,54
287,Person_287,54
288,Person_288,48
289,Person_289,33
290,Person_290,68
291,Person_291,48
292,Person_292,69
293,Person_293,44
294,Person_294,30
295,Person_295,24
296,Person_296,24
297,Person_297,60
298,Person_298,45
299,Person_299,40
300,Person_300,45
301,Person_301,44
302,Person_302,47
303,Person_303,64
304,Person_304,21
305,Person_305,61
306,Person_306,59
307,Person_307,59
308,Person_308,24
309,Person_309,21
310,Person_310,43
311,Person_311,64
312,Person_312,39
313,Person_313,69
314,Person_314,24
315,Person_315,33
316,Person_316,30
317,Person_317,30
318,Person_318,52
319,Person_319,46
320,Person_320,26
321,Person_321,45
322,Person_322,29
323,Person_323,35
324,Person_324,47
325,Person_325,33
326,Person_326,22
327,Person_327,46
328,Person_328,69
329,Person_329,53
330,Person_330,24
331,Person_331,21
332,Person_332,59
333,Person_333,52
334,Person_334,18
335,Person_335,23
336,Person_336,66
337,Person_337,33
338,Person_338,28
339,Person_339,44
340,Person_340,49
341,Person_341,48
342,Person_342,31
343,Person_343,43
344,Person_344,21
345,Person_345,28
346,Person_346,42
347,Person_347,18
348,Person_348,42
349,Person_349,34
350,Person_350,68
351,Person_351,68
352,Person_352,47
353,Person_353,36
354,Person_354,45
355,Person_355,62
356,Person_356,64
357,Person_357,68
358,Person_358,53
359,Person_359,60
360,Person_360,63
361,Person_361,49
362,Person_362,27
363,Person_363,30
364,Person_364,36
365,Person_365,31
366,Person_366,21
367,Person_367,55
368,Person_368,65
369,Person_369,52
370,Person_370,21
371,Person_371,65
372,Person_372,38
373,Person_373,21
374,Person_374,21
375,Person_375,55
376,Person_376,48
377,Person_377,50
378,Person_378,51
379,Person_379,28
380,Person_380,21
381,Person_381,50
382,Person_382,23
383,Person_383,29
384,Person_384,22
385,Person_385,56
386,Person_386,22
387,Person_387,61
388,Person_388,33
389,Person_389,43
390,Person_390,25
391,Person_391,54
392,Person_392,33
393,Person_393,55
394,Person_394,56
395,Person_395,20
396,Person_396,57
397,Person_397,23
398,Person_398,44
399,Person_399,60
400,Person_400,55
401,Person_401,54
402,Person_402,51
403,Person_403,38
404,Person_404,34
405,Person_405,31
406,Person_406,60
407,Person_407,63
408,Person_408,38
409,Person_409,33
410,Person_410,34
411,Person_411,43
412,Person_412,26
413,Person_413,60
414,Person_414,59
415,Person_415,37
416,Person_416,47
417,Person_417,38
418,Person_418,66
419,Person_419,22
420,Person_420,18
421,Person_421,47
422,Person_422,57
423,Person_423,54
424,Person_424,24
425,Person_425,22
426,Person_426,52
427,Person_427,31
428,Person_428,50
429,Person_429,34
430,Person_430,26
431,Person_431,40
432,Person_432,22
433,Person_433,33
434,Person_434,41
435,Person_435,36
436,Person_436,28
437,Person_437,46
438,Person_438,52
439,Person_439,63
440,Person_440,37
441,Person_441,57
442,Person_442,69
443,Person_443,59
444,Person_444,51
445,Person_445,18
446,Person_446,60
447,Person_447,70
448,Person_448,53
449,Person_449,37
450,Person_450,60
451,Person_451,24
452,Person_452,26
453,Person_453,34
454,Person_454,25
455,Person_455,24
456,Person_456,65
457,Person_457,53
458,Person_458,27
459,Person_459,35
460,Person_460,36
461,Person_461,56
462,Person_462,31
463,Person_463,63
464,Person_464,39
465,Person_465,31
466,Person_466,61
467,Person_467,58
468,Person_468,34
469,Person_469,50
470,Person_470,49
471,Person_471,34
472,Person_472,21
473,Person_473,23
474,Person_474,58
475,Person_475,45
476,Person_476,35
477,Person_477,20
478,Person_478,18
479,Person_479,39
480,Person_480,67
481,Person_481,26
482,Person_482,58
483,Person_483,34
484,Person_484,28
485,Person_485,65
486,Person_486,46
487,Person_487,53
488,Person_488,63
489,Person_489,45
490,Person_490,53
491,Person_491,18
492,Person_492,25
493,Person_493,22
494,Person_494,62
495,Person_495,27
496,Person_496,52
497,Person_497,20
498,Person_498,41
499,Person_499,55
500,Person_500,53
