database,query,run,latency_ms
Neo4j,point_lookup,1,3.580249998776708
Neo4j,point_lookup,2,84.42837500115274
Neo4j,point_lookup,3,5.645375000312924
Neo4j,point_lookup,4,4.357124998932704
Neo4j,point_lookup,5,3.4868750008172356
Neo4j,point_lookup,6,84.17874999940977
Neo4j,point_lookup,7,8.448874999885447
Neo4j,point_lookup,8,4.654790998756653
Neo4j,point_lookup,9,4.059957998833852
Neo4j,point_lookup,10,82.39566600241233
Neo4j,point_lookup,11,9.69845899817301
Neo4j,point_lookup,12,5.164333997527137
Neo4j,point_lookup,13,3.8072079987614416
Neo4j,point_lookup,14,84.69091600272804
Neo4j,point_lookup,15,8.15708300069673
Neo4j,point_lookup,16,5.131999998411629
Neo4j,point_lookup,17,83.89366699702805
Neo4j,point_lookup,18,13.550958003179403
Neo4j,point_lookup,19,92.22291599871824
Neo4j,point_lookup,20,9.102749998419313
Neo4j,point_lookup,21,94.01270899979863
Neo4j,point_lookup,22,10.855040996830212
Neo4j,point_lookup,23,87.21033300025738
Neo4j,point_lookup,24,9.315957999206148
Neo4j,point_lookup,25,88.34750000096392
Neo4j,point_lookup,26,10.160833000554703
Neo4j,point_lookup,27,90.83620800083736
Neo4j,point_lookup,28,8.69299999976647
Neo4j,point_lookup,29,7.545709002442891
Neo4j,point_lookup,30,83.98041699911118
Neo4j,point_lookup,31,6.767625000065891
Neo4j,point_lookup,32,4.478500002733199
Neo4j,point_lookup,33,87.05008299875772
Neo4j,point_lookup,34,7.137667002098169
Neo4j,point_lookup,35,5.987874999846099
Neo4j,point_lookup,36,82.41008400000283
Neo4j,point_lookup,37,6.623041001148522
Neo4j,point_lookup,38,3.6832500009040814
Neo4j,point_lookup,39,3.1571660001645796
Neo4j,point_lookup,40,2.872207998734666
Neo4j,point_lookup,41,2.7856669985339977
Neo4j,point_lookup,42,83.84275000207708
Neo4j,point_lookup,43,4.271500001777895
Neo4j,point_lookup,44,3.802916999120498
Neo4j,point_lookup,45,3.293500001745997
Neo4j,point_lookup,46,2.533375001803506
Neo4j,point_lookup,47,2.3248750003403984
Neo4j,point_lookup,48,2.2398330002033617
Neo4j,point_lookup,49,80.36983399870223
Neo4j,point_lookup,50,5.712542002584087
Neo4j,point_lookup,51,3.15374999991036
Neo4j,point_lookup,52,2.955208001367282
Neo4j,point_lookup,53,2.5899579995893873
Neo4j,point_lookup,54,2.26841699986835
Neo4j,point_lookup,55,2.417665997199947
Neo4j,point_lookup,56,80.95570899968152
Neo4j,point_lookup,57,3.518707999319304
Neo4j,point_lookup,58,3.1765410021762364
Neo4j,point_lookup,59,3.0126249985187314
Neo4j,point_lookup,60,2.3463750003429595
Neo4j,point_lookup,61,2.8428339974198025
Neo4j,point_lookup,62,2.410999997664476
Neo4j,point_lookup,63,2.3778750000928994
Neo4j,point_lookup,64,2.3553339997306466
Neo4j,point_lookup,65,2.390166002442129
Neo4j,point_lookup,66,2.2134169994387776
Neo4j,point_lookup,67,70.4647090024082
Neo4j,point_lookup,68,4.748583000036888
Neo4j,point_lookup,69,2.6543750027485657
Neo4j,point_lookup,70,2.6883329992415383
Neo4j,point_lookup,71,2.3902920002001338
Neo4j,point_lookup,72,2.0854579997831024
Neo4j,point_lookup,73,2.046459001576295
Neo4j,point_lookup,74,2.2400000016205013
Neo4j,point_lookup,75,2.1200420014793053
Neo4j,point_lookup,76,2.128792002622504
Neo4j,point_lookup,77,2.5279579967900645
Neo4j,point_lookup,78,3.292083001724677
Neo4j,point_lookup,79,2.372208000451792
Neo4j,point_lookup,80,66.89345899940236
Neo4j,point_lookup,81,2.47733300057007
Neo4j,point_lookup,82,2.3085840002750047
Neo4j,point_lookup,83,2.5826250021054875
Neo4j,point_lookup,84,2.492166000592988
Neo4j,point_lookup,85,2.126125000359025
Neo4j,point_lookup,86,2.1859160005988088
Neo4j,point_lookup,87,2.136415998393204
Neo4j,point_lookup,88,2.072291998047149
Neo4j,point_lookup,89,2.147166000213474
Neo4j,point_lookup,90,2.1298749998095445
Neo4j,point_lookup,91,2.180875002522953
Neo4j,point_lookup,92,2.037542002653936
Neo4j,point_lookup,93,2.3509579987148754
Neo4j,point_lookup,94,70.97591700221528
Neo4j,point_lookup,95,2.887041999201756
Neo4j,point_lookup,96,2.6778329993248917
Neo4j,point_lookup,97,2.1945420012343675
Neo4j,point_lookup,98,2.421625002170913
Neo4j,point_lookup,99,2.4851670023053885
Neo4j,point_lookup,100,2.20916699981899
Neo4j,knows_lookup,1,81.29491699946811
Neo4j,knows_lookup,2,8.326209001097595
Neo4j,knows_lookup,3,3.9987089985515922
Neo4j,knows_lookup,4,3.7399169996206183
Neo4j,knows_lookup,5,3.2635829993523657
Neo4j,knows_lookup,6,89.86895800262573
Neo4j,knows_lookup,7,4.285790997528238
Neo4j,knows_lookup,8,88.0338329989172
Neo4j,knows_lookup,9,5.359541999496287
Neo4j,knows_lookup,10,3.446708000410581
Neo4j,knows_lookup,11,2.858666997781256
Neo4j,knows_lookup,12,3.1589579994033556
Neo4j,knows_lookup,13,2.6775839978654403
Neo4j,knows_lookup,14,84.90508400063845
Neo4j,knows_lookup,15,6.718417000229238
Neo4j,knows_lookup,16,3.6418750023585744
Neo4j,knows_lookup,17,3.1737499994051177
Neo4j,knows_lookup,18,3.0261249994509853
Neo4j,knows_lookup,19,2.677625001524575
Neo4j,knows_lookup,20,81.55708300182596
Neo4j,knows_lookup,21,3.475042001809925
Neo4j,knows_lookup,22,3.12145800126018
Neo4j,knows_lookup,23,2.4541250022593886
Neo4j,knows_lookup,24,2.070791000733152
Neo4j,knows_lookup,25,2.011500000662636
Neo4j,knows_lookup,26,2.2075829983805306
Neo4j,knows_lookup,27,84.96383300007437
Neo4j,knows_lookup,28,6.241792001674185
Neo4j,knows_lookup,29,2.8870830028608907
Neo4j,knows_lookup,30,2.7905829992960207
Neo4j,knows_lookup,31,2.4429580007563345
Neo4j,knows_lookup,32,2.3445000006176997
Neo4j,knows_lookup,33,2.2030000000086147
Neo4j,knows_lookup,34,2.1339999984775204
Neo4j,knows_lookup,35,80.75887499944656
Neo4j,knows_lookup,36,3.1582080009684432
Neo4j,knows_lookup,37,8.531958003004547
Neo4j,knows_lookup,38,2.498957997886464
Neo4j,knows_lookup,39,2.331832998606842
Neo4j,knows_lookup,40,2.237458000308834
Neo4j,knows_lookup,41,2.139583000825951
Neo4j,knows_lookup,42,77.44062500205473
Neo4j,knows_lookup,43,3.70900000052643
Neo4j,knows_lookup,44,2.7717499979189597
Neo4j,knows_lookup,45,2.605834000860341
Neo4j,knows_lookup,46,2.1321659987734165
Neo4j,knows_lookup,47,2.0283749981899746
Neo4j,knows_lookup,48,1.9681659978232346
Neo4j,knows_lookup,49,2.0916249995934777
Neo4j,knows_lookup,50,2.214583000750281
Neo4j,knows_lookup,51,2.3855409999669064
Neo4j,knows_lookup,52,74.57241700103623
Neo4j,knows_lookup,53,4.25225000071805
Neo4j,knows_lookup,54,2.906874997279374
Neo4j,knows_lookup,55,2.556374998675892
Neo4j,knows_lookup,56,2.2372919993358664
Neo4j,knows_lookup,57,2.050082999630831
Neo4j,knows_lookup,58,1.9352919989614747
Neo4j,knows_lookup,59,2.1060840008431114
Neo4j,knows_lookup,60,80.72316700054216
Neo4j,knows_lookup,61,3.1410000010509975
Neo4j,knows_lookup,62,2.613916996779153
Neo4j,knows_lookup,63,2.333042000827845
Neo4j,knows_lookup,64,2.2431249999499414
Neo4j,knows_lookup,65,2.0476669997151475
Neo4j,knows_lookup,66,2.040791998297209
Neo4j,knows_lookup,67,2.361000002565561
Neo4j,knows_lookup,68,84.42483399994671
Neo4j,knows_lookup,69,4.91524999961257
Neo4j,knows_lookup,70,3.5080410016234964
Neo4j,knows_lookup,71,2.8278749996388797
Neo4j,knows_lookup,72,2.272542002174305
Neo4j,knows_lookup,73,2.0486670000536833
Neo4j,knows_lookup,74,2.107625001372071
Neo4j,knows_lookup,75,2.1315410012903158
Neo4j,knows_lookup,76,81.31225000033737
Neo4j,knows_lookup,77,2.9610419987875503
Neo4j,knows_lookup,78,2.761167001153808
Neo4j,knows_lookup,79,2.4977079992822837
Neo4j,knows_lookup,80,1.984999998967396
Neo4j,knows_lookup,81,1.8708749994402751
Neo4j,knows_lookup,82,1.9162499993399251
Neo4j,knows_lookup,83,1.7927920016518328
Neo4j,knows_lookup,84,80.41891700122505
Neo4j,knows_lookup,85,6.92666599934455
Neo4j,knows_lookup,86,4.088249999767868
Neo4j,knows_lookup,87,2.9307500008144416
Neo4j,knows_lookup,88,2.7133749972563237
Neo4j,knows_lookup,89,86.01454199742875
Neo4j,knows_lookup,90,6.605082999158185
Neo4j,knows_lookup,91,3.5007500009669457
Neo4j,knows_lookup,92,3.036124999198364
Neo4j,knows_lookup,93,2.9137080018699635
Neo4j,knows_lookup,94,2.2434580023400486
Neo4j,knows_lookup,95,2.0302919983805623
Neo4j,knows_lookup,96,78.4958749973157
Neo4j,knows_lookup,97,3.954250001697801
Neo4j,knows_lookup,98,2.6432920021761674
Neo4j,knows_lookup,99,2.381584003160242
Neo4j,knows_lookup,100,2.279666998219909
Neo4j,person_company_city,1,2.127415998984361
Neo4j,person_company_city,2,68.95641699884436
Neo4j,person_company_city,3,3.045083998586051
Neo4j,person_company_city,4,2.374540999880992
Neo4j,person_company_city,5,2.432916997349821
Neo4j,person_company_city,6,6.737167001119815
Neo4j,person_company_city,7,2.3052079995977692
Neo4j,person_company_city,8,2.0485419991018716
Neo4j,person_company_city,9,1.9492080027703196
Neo4j,person_company_city,10,82.1503750012198
Neo4j,person_company_city,11,4.124791001231642
Neo4j,person_company_city,12,2.770667000731919
Neo4j,person_company_city,13,2.168833998439368
Neo4j,person_company_city,14,2.30316599845537
Neo4j,person_company_city,15,2.1743329998571426
Neo4j,person_company_city,16,1.883540997368982
Neo4j,person_company_city,17,1.9071669994445983
Neo4j,person_company_city,18,84.90933299981407
Neo4j,person_company_city,19,5.729291999159614
Neo4j,person_company_city,20,2.965500003483612
Neo4j,person_company_city,21,2.3927080001158174
Neo4j,person_company_city,22,2.336415996978758
Neo4j,person_company_city,23,2.1793330015498213
Neo4j,person_company_city,24,87.81733300202177
Neo4j,person_company_city,25,6.94025000120746
Neo4j,person_company_city,26,5.484416000399506
Neo4j,person_company_city,27,3.3675000013317913
Neo4j,person_company_city,28,3.2739999987825286
Neo4j,person_company_city,29,76.63825000054203
Neo4j,person_company_city,30,6.797915997594828
Neo4j,person_company_city,31,3.5170000010111835
Neo4j,person_company_city,32,3.324582998175174
Neo4j,person_company_city,33,2.6306250001653098
Neo4j,person_company_city,34,86.8467079999391
Neo4j,person_company_city,35,6.6713329979393166
Neo4j,person_company_city,36,6.570875000761589
Neo4j,person_company_city,37,3.765083001781022
Neo4j,person_company_city,38,2.919708000263199
Neo4j,person_company_city,39,79.27904199823388
Neo4j,person_company_city,40,6.391792001522845
Neo4j,person_company_city,41,3.9800830018066335
Neo4j,person_company_city,42,3.236458000174025
Neo4j,person_company_city,43,2.566209001088282
Neo4j,person_company_city,44,2.1946250017208513
Neo4j,person_company_city,45,2.1252500009723008
Neo4j,person_company_city,46,2.011499997024657
Neo4j,person_company_city,47,1.9015830002899747
Neo4j,person_company_city,48,1.7115420014306437
Neo4j,person_company_city,49,75.48241699987557
Neo4j,person_company_city,50,5.152749999979278
Neo4j,person_company_city,51,2.670958001544932
Neo4j,person_company_city,52,2.4443330003123265
Neo4j,person_company_city,53,2.1854580008948687
Neo4j,person_company_city,54,2.2448330018960405
Neo4j,person_company_city,55,1.7867499991552904
Neo4j,person_company_city,56,1.8360409994784277
Neo4j,person_company_city,57,82.2709579988441
Neo4j,person_company_city,58,5.626416997984052
Neo4j,person_company_city,59,2.6867920023505576
Neo4j,person_company_city,60,2.3262499998963904
Neo4j,person_company_city,61,1.9930409980588593
Neo4j,person_company_city,62,1.8244170023535844
Neo4j,person_company_city,63,2.0543329992506187
Neo4j,person_company_city,64,1.6260000011243392
Neo4j,person_company_city,65,79.95620899964706
Neo4j,person_company_city,66,4.510374998062616
Neo4j,person_company_city,67,2.4588339983893093
Neo4j,person_company_city,68,2.349374997720588
Neo4j,person_company_city,69,2.2865000028104987
Neo4j,person_company_city,70,1.9698329997481778
Neo4j,person_company_city,71,1.784208001481602
Neo4j,person_company_city,72,1.6877500020200387
Neo4j,person_company_city,73,1.6698330000508577
Neo4j,person_company_city,74,1.516958000138402
Neo4j,person_company_city,75,80.43541699953494
Neo4j,person_company_city,76,4.384125000797212
Neo4j,person_company_city,77,2.3833749983168673
Neo4j,person_company_city,78,1.9748340018850286
Neo4j,person_company_city,79,2.216374999989057
Neo4j,person_company_city,80,2.2345420002238825
Neo4j,person_company_city,81,2.0251669993740506
Neo4j,person_company_city,82,1.8372500016994309
Neo4j,person_company_city,83,2.1154169990040828
Neo4j,person_company_city,84,79.53362499756622
Neo4j,person_company_city,85,4.4280000001890585
Neo4j,person_company_city,86,2.3402080005325843
Neo4j,person_company_city,87,2.2040000003471505
Neo4j,person_company_city,88,2.1074159994896036
Neo4j,person_company_city,89,1.9474170003377367
Neo4j,person_company_city,90,1.6673749996698461
Neo4j,person_company_city,91,1.6618330009805504
Neo4j,person_company_city,92,1.581167001859285
Neo4j,person_company_city,93,1.5936669988150243
Neo4j,person_company_city,94,1.540332999866223
Neo4j,person_company_city,95,78.48050000029616
Neo4j,person_company_city,96,4.374249998363666
Neo4j,person_company_city,97,2.260334000311559
Neo4j,person_company_city,98,2.007540999329649
Neo4j,person_company_city,99,1.8811669979186263
Neo4j,person_company_city,100,2.1268329983286094
Neo4j,two_hop_traversal,1,2.1944580003037117
Neo4j,two_hop_traversal,2,1.8349579986534081
Neo4j,two_hop_traversal,3,2.105875002598623
Neo4j,two_hop_traversal,4,1.8027080004685558
Neo4j,two_hop_traversal,5,1.809334000427043
Neo4j,two_hop_traversal,6,4.98650000008638
Neo4j,two_hop_traversal,7,78.55562499753432
Neo4j,two_hop_traversal,8,4.77070799752255
Neo4j,two_hop_traversal,9,2.749041999777546
Neo4j,two_hop_traversal,10,2.546916999563109
Neo4j,two_hop_traversal,11,2.101416001096368
Neo4j,two_hop_traversal,12,1.88079199870117
Neo4j,two_hop_traversal,13,1.9473749998724088
Neo4j,two_hop_traversal,14,1.8872920009016525
Neo4j,two_hop_traversal,15,2.246583997475682
Neo4j,two_hop_traversal,16,1.9913750002160668
Neo4j,two_hop_traversal,17,1.8872920009016525
Neo4j,two_hop_traversal,18,2.1382920022006147
Neo4j,two_hop_traversal,19,74.75491700097336
Neo4j,two_hop_traversal,20,2.450750002026325
Neo4j,two_hop_traversal,21,2.0637500019802246
Neo4j,two_hop_traversal,22,2.3867080017225817
Neo4j,two_hop_traversal,23,1.9048750000365544
Neo4j,two_hop_traversal,24,1.8824580001819413
Neo4j,two_hop_traversal,25,1.8912500017904676
Neo4j,two_hop_traversal,26,1.6500000019732397
Neo4j,two_hop_traversal,27,1.7530420009279624
Neo4j,two_hop_traversal,28,1.9713330002559815
Neo4j,two_hop_traversal,29,1.8991249999089632
Neo4j,two_hop_traversal,30,2.015125002799323
Neo4j,two_hop_traversal,31,80.77399999820045
Neo4j,two_hop_traversal,32,2.9985840010340326
Neo4j,two_hop_traversal,33,2.0854579997831024
Neo4j,two_hop_traversal,34,1.933832998474827
Neo4j,two_hop_traversal,35,1.806625001336215
Neo4j,two_hop_traversal,36,1.8701250010053627
Neo4j,two_hop_traversal,37,1.7167079968203325
Neo4j,two_hop_traversal,38,1.8088750002789311
Neo4j,two_hop_traversal,39,1.6670830009388737
Neo4j,two_hop_traversal,40,1.7170419996546116
Neo4j,two_hop_traversal,41,83.3202079993498
Neo4j,two_hop_traversal,42,2.448082999762846
Neo4j,two_hop_traversal,43,2.280666998558445
Neo4j,two_hop_traversal,44,2.128040996467462
Neo4j,two_hop_traversal,45,1.9092080001428258
Neo4j,two_hop_traversal,46,1.6673339996486902
Neo4j,two_hop_traversal,47,1.6563749995839316
Neo4j,two_hop_traversal,48,1.7535420010972302
Neo4j,two_hop_traversal,49,1.8227500004286412
Neo4j,two_hop_traversal,50,1.714125002763467
Neo4j,two_hop_traversal,51,1.9541250003385358
Neo4j,two_hop_traversal,52,78.68249999955879
Neo4j,two_hop_traversal,53,5.050042000220856
Neo4j,two_hop_traversal,54,2.3863339993113186
Neo4j,two_hop_traversal,55,2.5920000007317867
Neo4j,two_hop_traversal,56,2.09066699972027
Neo4j,two_hop_traversal,57,2.0669170007749926
Neo4j,two_hop_traversal,58,1.8383329988864716
Neo4j,two_hop_traversal,59,1.7414160029147752
Neo4j,two_hop_traversal,60,1.818832999560982
Neo4j,two_hop_traversal,61,1.7212919992743991
Neo4j,two_hop_traversal,62,74.62166600089404
Neo4j,two_hop_traversal,63,3.457915998296812
Neo4j,two_hop_traversal,64,2.493665997462813
Neo4j,two_hop_traversal,65,1.962958001968218
Neo4j,two_hop_traversal,66,2.149833999283146
Neo4j,two_hop_traversal,67,2.0242499995219987
Neo4j,two_hop_traversal,68,1.902415999211371
Neo4j,two_hop_traversal,69,1.8662080001377035
Neo4j,two_hop_traversal,70,1.5879170023254119
Neo4j,two_hop_traversal,71,1.7573330005689058
Neo4j,two_hop_traversal,72,1.5785830000822898
Neo4j,two_hop_traversal,73,1.525915999081917
Neo4j,two_hop_traversal,74,85.0583329993242
Neo4j,two_hop_traversal,75,2.715082999202423
Neo4j,two_hop_traversal,76,2.23970799925155
Neo4j,two_hop_traversal,77,1.7858749997685663
Neo4j,two_hop_traversal,78,1.7899580016091932
Neo4j,two_hop_traversal,79,1.9896250014426187
Neo4j,two_hop_traversal,80,1.7562079992785584
Neo4j,two_hop_traversal,81,1.9909590009774547
Neo4j,two_hop_traversal,82,1.7977080024138559
Neo4j,two_hop_traversal,83,1.5247090013872366
Neo4j,two_hop_traversal,84,1.7849169998953585
Neo4j,two_hop_traversal,85,1.4998749975347891
Neo4j,two_hop_traversal,86,1.4758750003238674
Neo4j,two_hop_traversal,87,1.5921670019451994
Neo4j,two_hop_traversal,88,68.60225000127684
Neo4j,two_hop_traversal,89,2.3288339980354067
Neo4j,two_hop_traversal,90,2.006583999900613
Neo4j,two_hop_traversal,91,1.7952079979295377
Neo4j,two_hop_traversal,92,1.7667080028331839
Neo4j,two_hop_traversal,93,1.753666998411063
Neo4j,two_hop_traversal,94,1.651291000598576
Neo4j,two_hop_traversal,95,1.4911250000295695
Neo4j,two_hop_traversal,96,1.5855829988140613
Neo4j,two_hop_traversal,97,1.896583999041468
Neo4j,two_hop_traversal,98,1.6770829970482737
Neo4j,two_hop_traversal,99,1.5121249998628628
Neo4j,two_hop_traversal,100,1.4542909993906505
Neo4j,company_aggregation,1,79.63625000047614
Neo4j,company_aggregation,2,6.534457999805454
Neo4j,company_aggregation,3,5.4630000013276
Neo4j,company_aggregation,4,4.778375001478707
Neo4j,company_aggregation,5,4.817542001546826
Neo4j,company_aggregation,6,81.09729200077709
Neo4j,company_aggregation,7,4.548541000986006
Neo4j,company_aggregation,8,4.944374999467982
Neo4j,company_aggregation,9,5.135458002769155
Neo4j,company_aggregation,10,3.9415829996869434
Neo4j,company_aggregation,11,78.89470800000709
Neo4j,company_aggregation,12,6.12945900138584
Neo4j,company_aggregation,13,4.919499999232357
Neo4j,company_aggregation,14,4.600374999427004
Neo4j,company_aggregation,15,5.1053330025752075
Neo4j,company_aggregation,16,4.2757499977597035
Neo4j,company_aggregation,17,5.271416997857159
Neo4j,company_aggregation,18,68.66458299919032
Neo4j,company_aggregation,19,6.007167001371272
Neo4j,company_aggregation,20,4.670415997679811
Neo4j,company_aggregation,21,4.298124997148989
Neo4j,company_aggregation,22,3.6922920007782523
Neo4j,company_aggregation,23,4.142999998293817
Neo4j,company_aggregation,24,4.009583000879502
Neo4j,company_aggregation,25,4.111083999305265
Neo4j,company_aggregation,26,68.65695799933746
Neo4j,company_aggregation,27,5.369042002712376
Neo4j,company_aggregation,28,4.048958999192109
Neo4j,company_aggregation,29,4.761832999065518
Neo4j,company_aggregation,30,3.8940419981372543
Neo4j,company_aggregation,31,5.173708002985222
Neo4j,company_aggregation,32,76.46529199701035
Neo4j,company_aggregation,33,4.738291001558537
Neo4j,company_aggregation,34,4.840666999371024
Neo4j,company_aggregation,35,3.7615000001096632
Neo4j,company_aggregation,36,4.135082999709994
Neo4j,company_aggregation,37,3.9275420022022445
Neo4j,company_aggregation,38,5.341083997336682
Neo4j,company_aggregation,39,3.840665998723125
Neo4j,company_aggregation,40,67.90933299998869
Neo4j,company_aggregation,41,5.206834001000971
Neo4j,company_aggregation,42,5.030124997574603
Neo4j,company_aggregation,43,4.0489159982826095
Neo4j,company_aggregation,44,4.114957999263424
Neo4j,company_aggregation,45,5.052917000284651
Neo4j,company_aggregation,46,4.705875002400717
Neo4j,company_aggregation,47,4.0678329969523475
Neo4j,company_aggregation,48,68.14474999919184
Neo4j,company_aggregation,49,5.270000001473818
Neo4j,company_aggregation,50,4.828334000194445
Neo4j,company_aggregation,51,3.7745000008726493
Neo4j,company_aggregation,52,4.037958002300002
Neo4j,company_aggregation,53,3.9277079995372333
Neo4j,company_aggregation,54,3.9782499989087228
Neo4j,company_aggregation,55,3.9135410006565508
Neo4j,company_aggregation,56,3.6887080023007
Neo4j,company_aggregation,57,67.07233300039661
Neo4j,company_aggregation,58,4.642042000341462
Neo4j,company_aggregation,59,3.9032909990055487
Neo4j,company_aggregation,60,4.101000002265209
Neo4j,company_aggregation,61,4.082916999323061
Neo4j,company_aggregation,62,4.948874997353414
Neo4j,company_aggregation,63,4.834332998143509
Neo4j,company_aggregation,64,4.389374997117557
Neo4j,company_aggregation,65,69.41379199997755
Neo4j,company_aggregation,66,4.741875000036089
Neo4j,company_aggregation,67,4.073457999766106
Neo4j,company_aggregation,68,4.062541000166675
Neo4j,company_aggregation,69,4.851833997236099
Neo4j,company_aggregation,70,4.194541001197649
Neo4j,company_aggregation,71,3.860374999931082
Neo4j,company_aggregation,72,73.7833330022113
Neo4j,company_aggregation,73,5.231666000327095
Neo4j,company_aggregation,74,5.612665998341981
Neo4j,company_aggregation,75,4.097583001566818
Neo4j,company_aggregation,76,4.597709001245676
Neo4j,company_aggregation,77,4.303708999941591
Neo4j,company_aggregation,78,72.44120899849804
Neo4j,company_aggregation,79,5.620084000838688
Neo4j,company_aggregation,80,3.8457080008811317
Neo4j,company_aggregation,81,4.955874999723164
Neo4j,company_aggregation,82,4.032332999486243
Neo4j,company_aggregation,83,3.8845000017317943
Neo4j,company_aggregation,84,4.902625001705019
Neo4j,company_aggregation,85,4.383874998893589
Neo4j,company_aggregation,86,72.91608300147345
Neo4j,company_aggregation,87,5.01879199873656
Neo4j,company_aggregation,88,4.282249999960186
Neo4j,company_aggregation,89,4.055124998558313
Neo4j,company_aggregation,90,4.743917001178488
Neo4j,company_aggregation,91,3.5255420007160865
Neo4j,company_aggregation,92,4.117667001992231
Neo4j,company_aggregation,93,5.469499999890104
Neo4j,company_aggregation,94,68.62970899965148
Neo4j,company_aggregation,95,4.470459000003757
Neo4j,company_aggregation,96,3.9632499974686652
Neo4j,company_aggregation,97,4.913916996883927
Neo4j,company_aggregation,98,3.5943750008300412
Neo4j,company_aggregation,99,3.8849579977977555
Neo4j,company_aggregation,100,3.6339170001156162
Neo4j,short_path,1,9.782500001165317
Neo4j,short_path,2,7.313958998565795
Neo4j,short_path,3,4.92508400202496
Neo4j,short_path,4,82.2636250013602
Neo4j,short_path,5,9.421291000762722
Neo4j,short_path,6,91.03879200119991
Neo4j,short_path,7,10.576624998066109
Neo4j,short_path,8,6.3779170013731346
Neo4j,short_path,9,82.5901669995801
Neo4j,short_path,10,8.106416000373429
Neo4j,short_path,11,5.702958998881513
Neo4j,short_path,12,4.56800000029034
Neo4j,short_path,13,79.38962499974878
Neo4j,short_path,14,8.024165999813704
Neo4j,short_path,15,6.3232079992303625
Neo4j,short_path,16,6.034166999597801
Neo4j,short_path,17,79.62862500062329
Neo4j,short_path,18,8.723999999347143
Neo4j,short_path,19,8.157750002283137
Neo4j,short_path,20,5.142791000253055
Neo4j,short_path,21,80.49312499861117
Neo4j,short_path,22,11.55579099940951
Neo4j,short_path,23,109.5290000012028
Neo4j,short_path,24,4.180083000392187
Neo4j,short_path,25,3.454834000876872
Neo4j,short_path,26,3.35645799714257
Neo4j,short_path,27,59.962541999993846
Neo4j,short_path,28,3.9563749996887054
Neo4j,short_path,29,3.111124999122694
Neo4j,short_path,30,3.0121250019874424
Neo4j,short_path,31,3.004542002599919
Neo4j,short_path,32,2.9222090015537106
Neo4j,short_path,33,2.838917000190122
Neo4j,short_path,34,2.6504160014155786
Neo4j,short_path,35,2.722541001276113
Neo4j,short_path,36,80.28433299841709
Neo4j,short_path,37,3.3390839998901356
Neo4j,short_path,38,2.982207999593811
Neo4j,short_path,39,2.6693330000853166
Neo4j,short_path,40,4.727458999695955
Neo4j,short_path,41,2.764499997283565
Neo4j,short_path,42,2.738332997978432
Neo4j,short_path,43,2.821874997607665
Neo4j,short_path,44,77.36737499726587
Neo4j,short_path,45,3.1410829978995025
Neo4j,short_path,46,2.8309580011409707
Neo4j,short_path,47,2.8980839997529984
Neo4j,short_path,48,2.6387910002085846
Neo4j,short_path,49,2.6711250029620714
Neo4j,short_path,50,2.810207999573322
Neo4j,short_path,51,2.7178750024177134
Neo4j,short_path,52,2.52491699939128
Neo4j,short_path,53,2.445499998430023
Neo4j,short_path,54,73.81791700026952
Neo4j,short_path,55,3.0547499991371296
Neo4j,short_path,56,2.765749999525724
Neo4j,short_path,57,2.8220000021974556
Neo4j,short_path,58,2.3064589986461215
Neo4j,short_path,59,2.4627909988339525
Neo4j,short_path,60,2.5322500005131587
Neo4j,short_path,61,2.3370419985440094
Neo4j,short_path,62,2.414375001535518
Neo4j,short_path,63,2.4312500027008355
Neo4j,short_path,64,2.3917500002426095
Neo4j,short_path,65,76.03512499917997
Neo4j,short_path,66,2.683124999748543
Neo4j,short_path,67,2.5238749985874165
Neo4j,short_path,68,2.3686670028837398
Neo4j,short_path,69,2.398625001660548
Neo4j,short_path,70,2.338000002055196
Neo4j,short_path,71,2.4271250003948808
Neo4j,short_path,72,2.3038330000417773
Neo4j,short_path,73,2.3638329985260498
Neo4j,short_path,74,1.9932499999413267
Neo4j,short_path,75,2.1344580018194392
Neo4j,short_path,76,75.48833299733815
Neo4j,short_path,77,2.7566249991650693
Neo4j,short_path,78,2.498833000572631
Neo4j,short_path,79,2.5068329996429384
Neo4j,short_path,80,2.2526249995280523
Neo4j,short_path,81,2.2470829972007778
Neo4j,short_path,82,2.3772919994371478
Neo4j,short_path,83,2.3108329987735488
Neo4j,short_path,84,2.0779169972229283
Neo4j,short_path,85,2.206417000707006
Neo4j,short_path,86,2.161500000511296
Neo4j,short_path,87,77.57720799781964
Neo4j,short_path,88,3.1014160013000946
Neo4j,short_path,89,2.6020830009656493
Neo4j,short_path,90,2.1382920022006147
Neo4j,short_path,91,2.1542089998547453
Neo4j,short_path,92,2.0630409999284893
Neo4j,short_path,93,2.1070410002721474
Neo4j,short_path,94,2.177250000386266
Neo4j,short_path,95,2.1863750007469207
Neo4j,short_path,96,2.2686250013066456
Neo4j,short_path,97,2.3680000012973323
Neo4j,short_path,98,76.89287499670172
Neo4j,short_path,99,2.7377080004953314
Neo4j,short_path,100,2.6573340001050383
Memgraph,point_lookup,1,0.691332999849692
Memgraph,point_lookup,2,0.6889579999551643
Memgraph,point_lookup,3,0.6664590000582393
Memgraph,point_lookup,4,0.6242080016818363
Memgraph,point_lookup,5,0.7112909988791216
Memgraph,point_lookup,6,0.6405419990187511
Memgraph,point_lookup,7,0.5967079996480606
Memgraph,point_lookup,8,0.6322919980448205
Memgraph,point_lookup,9,0.6325829999695998
Memgraph,point_lookup,10,0.6479999974544626
Memgraph,point_lookup,11,0.594749999436317
Memgraph,point_lookup,12,0.680582998029422
Memgraph,point_lookup,13,0.6795420013077091
Memgraph,point_lookup,14,0.6317500010482036
Memgraph,point_lookup,15,0.6543749987031333
Memgraph,point_lookup,16,0.7274589988810476
Memgraph,point_lookup,17,0.6392499999492429
Memgraph,point_lookup,18,0.6779579998692498
Memgraph,point_lookup,19,0.6298330008576158
Memgraph,point_lookup,20,0.6338329985737801
Memgraph,point_lookup,21,0.5982919974485412
Memgraph,point_lookup,22,0.5854169976373669
Memgraph,point_lookup,23,0.6301249995885883
Memgraph,point_lookup,24,0.5836659984197468
Memgraph,point_lookup,25,0.6161659985082224
Memgraph,point_lookup,26,0.6348339993564878
Memgraph,point_lookup,27,0.6050419979146682
Memgraph,point_lookup,28,0.6152089990791865
Memgraph,point_lookup,29,0.9315839997725561
Memgraph,point_lookup,30,0.7279579986061435
Memgraph,point_lookup,31,0.6250410006032325
Memgraph,point_lookup,32,0.5964590018265881
Memgraph,point_lookup,33,0.6135420007922221
Memgraph,point_lookup,34,0.6032910023350269
Memgraph,point_lookup,35,0.5845419982506428
Memgraph,point_lookup,36,0.5820419974043034
Memgraph,point_lookup,37,0.5730419979954604
Memgraph,point_lookup,38,0.5768330011051148
Memgraph,point_lookup,39,0.6159170006867498
Memgraph,point_lookup,40,0.7395419997919817
Memgraph,point_lookup,41,0.7349999978032429
Memgraph,point_lookup,42,0.6525419994432013
Memgraph,point_lookup,43,0.6384160005836748
Memgraph,point_lookup,44,0.6247089986572973
Memgraph,point_lookup,45,0.6149590008135419
Memgraph,point_lookup,46,0.6432080008380581
Memgraph,point_lookup,47,0.6165830018289853
Memgraph,point_lookup,48,0.6107909975980874
Memgraph,point_lookup,49,0.6242500021471642
Memgraph,point_lookup,50,0.611833998846123
Memgraph,point_lookup,51,0.6663329986622557
Memgraph,point_lookup,52,0.6200839998200536
Memgraph,point_lookup,53,0.5374579995987006
Memgraph,point_lookup,54,0.5572909976763185
Memgraph,point_lookup,55,0.5816250013594981
Memgraph,point_lookup,56,0.5757500002800953
Memgraph,point_lookup,57,0.534124999830965
Memgraph,point_lookup,58,0.5502499989233911
Memgraph,point_lookup,59,0.5607080020126887
Memgraph,point_lookup,60,0.5382920026022475
Memgraph,point_lookup,61,0.9059580006578472
Memgraph,point_lookup,62,0.5451249999168795
Memgraph,point_lookup,63,0.5782919979537837
Memgraph,point_lookup,64,0.595208999584429
Memgraph,point_lookup,65,0.6302910005615558
Memgraph,point_lookup,66,0.653125000098953
Memgraph,point_lookup,67,5.248207999102306
Memgraph,point_lookup,68,0.6882500019855797
Memgraph,point_lookup,69,0.5848750006407499
Memgraph,point_lookup,70,0.5652920008287765
Memgraph,point_lookup,71,0.5823749997944105
Memgraph,point_lookup,72,0.5890409993298817
Memgraph,point_lookup,73,0.5889589992875699
Memgraph,point_lookup,74,0.5615410009340849
Memgraph,point_lookup,75,0.5380420006986242
Memgraph,point_lookup,76,0.5822080020152498
Memgraph,point_lookup,77,0.5645000019285362
Memgraph,point_lookup,78,0.5423750008048955
Memgraph,point_lookup,79,0.5380000002332963
Memgraph,point_lookup,80,0.5407499993452802
Memgraph,point_lookup,81,0.5381670016504359
Memgraph,point_lookup,82,0.5753750010626391
Memgraph,point_lookup,83,0.5608339997706935
Memgraph,point_lookup,84,0.5701249974663369
Memgraph,point_lookup,85,0.5694579995179083
Memgraph,point_lookup,86,0.5467500013764948
Memgraph,point_lookup,87,0.5630420018860605
Memgraph,point_lookup,88,0.5558749980991706
Memgraph,point_lookup,89,0.5669579986715689
Memgraph,point_lookup,90,0.583042001380818
Memgraph,point_lookup,91,0.6116670010669623
Memgraph,point_lookup,92,0.619416001427453
Memgraph,point_lookup,93,0.9352919987577479
Memgraph,point_lookup,94,0.5369999998947605
Memgraph,point_lookup,95,0.5999169989081565
Memgraph,point_lookup,96,0.6442499980039429
Memgraph,point_lookup,97,0.6280000015976839
Memgraph,point_lookup,98,0.6121250007709023
Memgraph,point_lookup,99,0.581208001676714
Memgraph,point_lookup,100,0.5550829991989303
Memgraph,knows_lookup,1,0.6643749984505121
Memgraph,knows_lookup,2,0.6262909992074128
Memgraph,knows_lookup,3,0.655833999189781
Memgraph,knows_lookup,4,0.7097910020092968
Memgraph,knows_lookup,5,0.7197920022008475
Memgraph,knows_lookup,6,0.7139999979699496
Memgraph,knows_lookup,7,0.7141669993870892
Memgraph,knows_lookup,8,0.6950409988348838
Memgraph,knows_lookup,9,0.675166000291938
Memgraph,knows_lookup,10,0.6655000033788383
Memgraph,knows_lookup,11,0.7162500005506445
Memgraph,knows_lookup,12,0.6632920012634713
Memgraph,knows_lookup,13,0.7512500014854595
Memgraph,knows_lookup,14,0.6881670014990959
Memgraph,knows_lookup,15,0.7064169985824265
Memgraph,knows_lookup,16,0.6989169996813871
Memgraph,knows_lookup,17,0.7271250033227261
Memgraph,knows_lookup,18,0.6680840015178546
Memgraph,knows_lookup,19,1.2135840006521903
Memgraph,knows_lookup,20,0.7307080013561063
Memgraph,knows_lookup,21,0.7470830023521557
Memgraph,knows_lookup,22,0.739334001991665
Memgraph,knows_lookup,23,0.7963749994814862
Memgraph,knows_lookup,24,0.7252920004248153
Memgraph,knows_lookup,25,0.6747090010321699
Memgraph,knows_lookup,26,0.6947090005269274
Memgraph,knows_lookup,27,0.6877090017951559
Memgraph,knows_lookup,28,0.7343750003201421
Memgraph,knows_lookup,29,0.6843749979452696
Memgraph,knows_lookup,30,0.7343340002989862
Memgraph,knows_lookup,31,0.6554589999723248
Memgraph,knows_lookup,32,0.7046669998089783
Memgraph,knows_lookup,33,0.697125000442611
Memgraph,knows_lookup,34,0.7723340022494085
Memgraph,knows_lookup,35,0.7361249990935903
Memgraph,knows_lookup,36,54.661541998939356
Memgraph,knows_lookup,37,1.1092499989899807
Memgraph,knows_lookup,38,0.793291001173202
Memgraph,knows_lookup,39,0.7105410004442092
Memgraph,knows_lookup,40,0.7306250008696225
Memgraph,knows_lookup,41,0.7286250001925509
Memgraph,knows_lookup,42,0.7412080012727529
Memgraph,knows_lookup,43,0.6939999984751921
Memgraph,knows_lookup,44,0.6928330003574956
Memgraph,knows_lookup,45,0.6697079988953192
Memgraph,knows_lookup,46,0.7275839998328593
Memgraph,knows_lookup,47,0.6798750000598375
Memgraph,knows_lookup,48,0.6497090034827124
Memgraph,knows_lookup,49,0.6473749999713618
Memgraph,knows_lookup,50,1.0014580002462026
Memgraph,knows_lookup,51,2.504209001926938
Memgraph,knows_lookup,52,1.1483329981274437
Memgraph,knows_lookup,53,0.8394169999519363
Memgraph,knows_lookup,54,0.6737090006936342
Memgraph,knows_lookup,55,0.6409159977920353
Memgraph,knows_lookup,56,0.977083996986039
Memgraph,knows_lookup,57,1.2651249999180436
Memgraph,knows_lookup,58,1.0414589996798895
Memgraph,knows_lookup,59,0.7242920000862796
Memgraph,knows_lookup,60,0.7041669996397104
Memgraph,knows_lookup,61,0.6991670015850104
Memgraph,knows_lookup,62,0.675125000270782
Memgraph,knows_lookup,63,0.637875000393251
Memgraph,knows_lookup,64,0.6549999998242129
Memgraph,knows_lookup,65,0.7135420019039884
Memgraph,knows_lookup,66,0.7118749999790452
Memgraph,knows_lookup,67,0.7067080005072057
Memgraph,knows_lookup,68,0.8010410019778647
Memgraph,knows_lookup,69,0.754666998545872
Memgraph,knows_lookup,70,0.6968749985389877
Memgraph,knows_lookup,71,0.725499998225132
Memgraph,knows_lookup,72,0.6920830019225832
Memgraph,knows_lookup,73,0.7183749985415488
Memgraph,knows_lookup,74,0.6813340005464852
Memgraph,knows_lookup,75,0.6749160020262934
Memgraph,knows_lookup,76,0.9723340008349624
Memgraph,knows_lookup,77,0.9008330016513355
Memgraph,knows_lookup,78,0.6834580017311964
Memgraph,knows_lookup,79,0.6515000022773165
Memgraph,knows_lookup,80,0.7877919997554272
Memgraph,knows_lookup,81,0.6972090013732668
Memgraph,knows_lookup,82,0.9329590029665269
Memgraph,knows_lookup,83,1.8474579992471263
Memgraph,knows_lookup,84,0.7038749972707592
Memgraph,knows_lookup,85,0.638292000076035
Memgraph,knows_lookup,86,0.7277090007846709
Memgraph,knows_lookup,87,0.7028750005702022
Memgraph,knows_lookup,88,0.6614169979002327
Memgraph,knows_lookup,89,0.6527500008814968
Memgraph,knows_lookup,90,0.685041999531677
Memgraph,knows_lookup,91,0.7311250010388903
Memgraph,knows_lookup,92,0.9136250009760261
Memgraph,knows_lookup,93,0.7264170017151628
Memgraph,knows_lookup,94,0.6437919983000029
Memgraph,knows_lookup,95,0.643749997834675
Memgraph,knows_lookup,96,0.6620829990424681
Memgraph,knows_lookup,97,0.8033339981921017
Memgraph,knows_lookup,98,0.7663750002393499
Memgraph,knows_lookup,99,0.65487500251038
Memgraph,knows_lookup,100,0.675125000270782
Memgraph,person_company_city,1,0.6059160004951991
Memgraph,person_company_city,2,0.6072500000300352
Memgraph,person_company_city,3,0.5627499995171092
Memgraph,person_company_city,4,0.6308330011961516
Memgraph,person_company_city,5,0.6005410032230429
Memgraph,person_company_city,6,0.6250000005820766
Memgraph,person_company_city,7,0.5849590015714057
Memgraph,person_company_city,8,0.6003749986120965
Memgraph,person_company_city,9,1.1391669977456331
Memgraph,person_company_city,10,0.6221670009836089
Memgraph,person_company_city,11,0.6349999966914766
Memgraph,person_company_city,12,0.6523340016428847
Memgraph,person_company_city,13,0.6070420022297185
Memgraph,person_company_city,14,0.6462919991463423
Memgraph,person_company_city,15,0.5830829977639951
Memgraph,person_company_city,16,0.6092089970479719
Memgraph,person_company_city,17,0.6003750022500753
Memgraph,person_company_city,18,0.5815000004076865
Memgraph,person_company_city,19,0.5716669984394684
Memgraph,person_company_city,20,0.5690409998351242
Memgraph,person_company_city,21,0.5732919998990837
Memgraph,person_company_city,22,0.5829579968121834
Memgraph,person_company_city,23,0.6210829997144174
Memgraph,person_company_city,24,0.5934170003456529
Memgraph,person_company_city,25,0.5962909999652766
Memgraph,person_company_city,26,0.5785840003227349
Memgraph,person_company_city,27,0.5441249995783437
Memgraph,person_company_city,28,0.599749997491017
Memgraph,person_company_city,29,0.608207999903243
Memgraph,person_company_city,30,0.54041600014898
Memgraph,person_company_city,31,0.5624170007649809
Memgraph,person_company_city,32,0.5657499968947377
Memgraph,person_company_city,33,0.5661249997501727
Memgraph,person_company_city,34,0.5692910017387476
Memgraph,person_company_city,35,0.572749999264488
Memgraph,person_company_city,36,0.5642500000249129
Memgraph,person_company_city,37,0.5889999993087258
Memgraph,person_company_city,38,0.614582997513935
Memgraph,person_company_city,39,0.5744169975514524
Memgraph,person_company_city,40,0.586209000175586
Memgraph,person_company_city,41,1.2045830007991754
Memgraph,person_company_city,42,0.6501660027424805
Memgraph,person_company_city,43,0.5777920014224946
Memgraph,person_company_city,44,0.5728329997509718
Memgraph,person_company_city,45,0.5752919969381765
Memgraph,person_company_city,46,0.5908329985686578
Memgraph,person_company_city,47,0.5769169983977918
Memgraph,person_company_city,48,0.6329999996523838
Memgraph,person_company_city,49,0.5689160025212914
Memgraph,person_company_city,50,0.5673329978890251
Memgraph,person_company_city,51,0.5857920004928019
Memgraph,person_company_city,52,0.5860829987796023
Memgraph,person_company_city,53,0.6431249967135955
Memgraph,person_company_city,54,0.56337499700021
Memgraph,person_company_city,55,0.5702079979528207
Memgraph,person_company_city,56,0.5564999992202502
Memgraph,person_company_city,57,0.5603749996225815
Memgraph,person_company_city,58,0.5990419995214324
Memgraph,person_company_city,59,0.5729580007027835
Memgraph,person_company_city,60,0.5551249996642582
Memgraph,person_company_city,61,0.5743750007241033
Memgraph,person_company_city,62,0.552541998331435
Memgraph,person_company_city,63,0.5935830013186205
Memgraph,person_company_city,64,0.5665839998982847
Memgraph,person_company_city,65,0.556125000002794
Memgraph,person_company_city,66,0.5487500020535663
Memgraph,person_company_city,67,0.5895419999433216
Memgraph,person_company_city,68,0.599667000642512
Memgraph,person_company_city,69,0.5684589996235445
Memgraph,person_company_city,70,0.5441659995994996
Memgraph,person_company_city,71,0.5549999987124465
Memgraph,person_company_city,72,0.5840419980813749
Memgraph,person_company_city,73,57.657042001665104
Memgraph,person_company_city,74,1.0724169987952337
Memgraph,person_company_city,75,0.7684170013817493
Memgraph,person_company_city,76,0.6246670018299483
Memgraph,person_company_city,77,0.5814590003865305
Memgraph,person_company_city,78,0.6355410005198792
Memgraph,person_company_city,79,0.6442500016419217
Memgraph,person_company_city,80,0.6169999978737906
Memgraph,person_company_city,81,0.5917909984418657
Memgraph,person_company_city,82,0.7348340004682541
Memgraph,person_company_city,83,0.7520420003856998
Memgraph,person_company_city,84,0.6067920003260951
Memgraph,person_company_city,85,0.5899589996261057
Memgraph,person_company_city,86,0.5896250004298054
Memgraph,person_company_city,87,0.5968330005998723
Memgraph,person_company_city,88,0.7205420006357599
Memgraph,person_company_city,89,0.7280419995367993
Memgraph,person_company_city,90,0.748874997952953
Memgraph,person_company_city,91,0.592042000789661
Memgraph,person_company_city,92,0.5568750020756852
Memgraph,person_company_city,93,0.6219169990799855
Memgraph,person_company_city,94,0.5689999998139683
Memgraph,person_company_city,95,0.5887500010430813
Memgraph,person_company_city,96,0.5783339984191116
Memgraph,person_company_city,97,0.5704169998352882
Memgraph,person_company_city,98,0.6282079993980005
Memgraph,person_company_city,99,0.5570000030274969
Memgraph,person_company_city,100,0.5708329990739003
Memgraph,two_hop_traversal,1,0.741166000807425
Memgraph,two_hop_traversal,2,0.711500000761589
Memgraph,two_hop_traversal,3,0.7341249984165188
Memgraph,two_hop_traversal,4,0.6775420006306376
Memgraph,two_hop_traversal,5,0.7914160014479421
Memgraph,two_hop_traversal,6,0.7361250027315691
Memgraph,two_hop_traversal,7,0.7796249992679805
Memgraph,two_hop_traversal,8,0.7050000021990854
Memgraph,two_hop_traversal,9,0.8384169996134005
Memgraph,two_hop_traversal,10,0.8295420011563692
Memgraph,two_hop_traversal,11,0.749708000512328
Memgraph,two_hop_traversal,12,0.6927920003363397
Memgraph,two_hop_traversal,13,0.6995000003371388
Memgraph,two_hop_traversal,14,0.715583999408409
Memgraph,two_hop_traversal,15,0.683666999975685
Memgraph,two_hop_traversal,16,0.6859999994048849
Memgraph,two_hop_traversal,17,0.6777080016036052
Memgraph,two_hop_traversal,18,0.6906249982421286
Memgraph,two_hop_traversal,19,0.6827500001236331
Memgraph,two_hop_traversal,20,0.684165999700781
Memgraph,two_hop_traversal,21,0.6564169998455327
Memgraph,two_hop_traversal,22,0.645959000394214
Memgraph,two_hop_traversal,23,0.6709169974783435
Memgraph,two_hop_traversal,24,0.6990829970163759
Memgraph,two_hop_traversal,25,0.6779579998692498
Memgraph,two_hop_traversal,26,0.683250000292901
Memgraph,two_hop_traversal,27,1.1848329995700624
Memgraph,two_hop_traversal,28,0.7530410002800636
Memgraph,two_hop_traversal,29,0.6785000005038455
Memgraph,two_hop_traversal,30,0.6806669989600778
Memgraph,two_hop_traversal,31,0.755083001422463
Memgraph,two_hop_traversal,32,0.6800410010328051
Memgraph,two_hop_traversal,33,0.6929170012881514
Memgraph,two_hop_traversal,34,0.6614999983867165
Memgraph,two_hop_traversal,35,0.7219170001917519
Memgraph,two_hop_traversal,36,0.7070409992593341
Memgraph,two_hop_traversal,37,0.7223749998956919
Memgraph,two_hop_traversal,38,21.304666999640176
Memgraph,two_hop_traversal,39,0.7857910022721626
Memgraph,two_hop_traversal,40,0.7161249995988328
Memgraph,two_hop_traversal,41,0.6876660008856561
Memgraph,two_hop_traversal,42,0.7100000002537854
Memgraph,two_hop_traversal,43,0.6773749992134981
Memgraph,two_hop_traversal,44,0.7399170026474167
Memgraph,two_hop_traversal,45,0.6874999999126885
Memgraph,two_hop_traversal,46,0.6728329972247593
Memgraph,two_hop_traversal,47,0.6574580002052244
Memgraph,two_hop_traversal,48,0.6368750000547152
Memgraph,two_hop_traversal,49,0.6480419979197904
Memgraph,two_hop_traversal,50,0.6595419981749728
Memgraph,two_hop_traversal,51,0.8010830024431925
Memgraph,two_hop_traversal,52,0.6696670025121421
Memgraph,two_hop_traversal,53,0.6734169983246829
Memgraph,two_hop_traversal,54,0.6511249994218815
Memgraph,two_hop_traversal,55,0.7324170001083985
Memgraph,two_hop_traversal,56,0.7266659995366354
Memgraph,two_hop_traversal,57,0.6901250017108396
Memgraph,two_hop_traversal,58,0.6542500013893005
Memgraph,two_hop_traversal,59,1.1003330000676215
Memgraph,two_hop_traversal,60,0.6669169997621793
Memgraph,two_hop_traversal,61,0.6801669987908099
Memgraph,two_hop_traversal,62,0.6683749998046551
Memgraph,two_hop_traversal,63,0.6630830030189827
Memgraph,two_hop_traversal,64,0.6840419991931412
Memgraph,two_hop_traversal,65,0.6722500002069864
Memgraph,two_hop_traversal,66,0.6823750009061769
Memgraph,two_hop_traversal,67,0.6573329992534127
Memgraph,two_hop_traversal,68,0.6627500006288756
Memgraph,two_hop_traversal,69,0.6482499993580859
Memgraph,two_hop_traversal,70,0.6584160000784323
Memgraph,two_hop_traversal,71,0.6592090030608233
Memgraph,two_hop_traversal,72,0.6734580019838177
Memgraph,two_hop_traversal,73,0.6676250013697427
Memgraph,two_hop_traversal,74,0.6626249996770639
Memgraph,two_hop_traversal,75,0.6738749980286229
Memgraph,two_hop_traversal,76,0.6404169980669394
Memgraph,two_hop_traversal,77,0.6611659991904162
Memgraph,two_hop_traversal,78,0.6555840009241365
Memgraph,two_hop_traversal,79,0.6695840020256583
Memgraph,two_hop_traversal,80,0.6561250011145603
Memgraph,two_hop_traversal,81,0.6540840004163329
Memgraph,two_hop_traversal,82,0.6441659970732871
Memgraph,two_hop_traversal,83,0.6681669983663596
Memgraph,two_hop_traversal,84,0.6807499994465616
Memgraph,two_hop_traversal,85,0.6771249973098747
Memgraph,two_hop_traversal,86,0.6507920006697532
Memgraph,two_hop_traversal,87,0.6806249984947499
Memgraph,two_hop_traversal,88,0.6996249976509716
Memgraph,two_hop_traversal,89,0.6763329984096345
Memgraph,two_hop_traversal,90,0.652667000395013
Memgraph,two_hop_traversal,91,1.0921249995590188
Memgraph,two_hop_traversal,92,0.6608330004382879
Memgraph,two_hop_traversal,93,0.658500001009088
Memgraph,two_hop_traversal,94,0.6646250003541354
Memgraph,two_hop_traversal,95,0.6528750018333085
Memgraph,two_hop_traversal,96,0.642791001155274
Memgraph,two_hop_traversal,97,0.6430840003304183
Memgraph,two_hop_traversal,98,0.6780410003557336
Memgraph,two_hop_traversal,99,0.6720410019624978
Memgraph,two_hop_traversal,100,0.6586659983440768
Memgraph,company_aggregation,1,2.8525410016300157
Memgraph,company_aggregation,2,3.362166000442812
Memgraph,company_aggregation,3,3.013708999787923
Memgraph,company_aggregation,4,2.634958000271581
Memgraph,company_aggregation,5,2.7309170000080485
Memgraph,company_aggregation,6,2.556040999479592
Memgraph,company_aggregation,7,2.2813750001660082
Memgraph,company_aggregation,8,2.294583999173483
Memgraph,company_aggregation,9,2.42529199749697
Memgraph,company_aggregation,10,2.3647919988434296
Memgraph,company_aggregation,11,2.457999999023741
Memgraph,company_aggregation,12,2.405415998509852
Memgraph,company_aggregation,13,2.486749999661697
Memgraph,company_aggregation,14,2.251292000437388
Memgraph,company_aggregation,15,2.2812499992141966
Memgraph,company_aggregation,16,2.4174999998649582
Memgraph,company_aggregation,17,3.067584002565127
Memgraph,company_aggregation,18,2.386916003160877
Memgraph,company_aggregation,19,2.2997499982011504
Memgraph,company_aggregation,20,2.4667910001880955
Memgraph,company_aggregation,21,2.414875001704786
Memgraph,company_aggregation,22,2.3504169985244516
Memgraph,company_aggregation,23,2.763917000265792
Memgraph,company_aggregation,24,2.902625001297565
Memgraph,company_aggregation,25,2.742000000580447
Memgraph,company_aggregation,26,2.602624997962266
Memgraph,company_aggregation,27,2.811916001519421
Memgraph,company_aggregation,28,2.722042001551017
Memgraph,company_aggregation,29,2.426541999739129
Memgraph,company_aggregation,30,2.6773749996209517
Memgraph,company_aggregation,31,2.3680419981246814
Memgraph,company_aggregation,32,2.4068750026344787
Memgraph,company_aggregation,33,2.6760829969134647
Memgraph,company_aggregation,34,2.6365000012447126
Memgraph,company_aggregation,35,2.304000001458917
Memgraph,company_aggregation,36,2.6463750000402797
Memgraph,company_aggregation,37,2.4976250024337787
Memgraph,company_aggregation,38,2.6796249985636678
Memgraph,company_aggregation,39,2.335917000891641
Memgraph,company_aggregation,40,2.5223750017175917
Memgraph,company_aggregation,41,2.719000000070082
Memgraph,company_aggregation,42,2.7294999999867287
Memgraph,company_aggregation,43,2.9902499991294462
Memgraph,company_aggregation,44,2.8188750002300367
Memgraph,company_aggregation,45,2.689791999728186
Memgraph,company_aggregation,46,2.5705420011945534
Memgraph,company_aggregation,47,2.388417000474874
Memgraph,company_aggregation,48,2.3199159986688755
Memgraph,company_aggregation,49,3.5157079983036965
Memgraph,company_aggregation,50,2.5737079995451495
Memgraph,company_aggregation,51,2.653333001944702
Memgraph,company_aggregation,52,2.581166998425033
Memgraph,company_aggregation,53,2.622292002342874
Memgraph,company_aggregation,54,2.6860409998334944
Memgraph,company_aggregation,55,2.6253329997416586
Memgraph,company_aggregation,56,2.6266660024703015
Memgraph,company_aggregation,57,2.6447909986018203
Memgraph,company_aggregation,58,2.4502079977537505
Memgraph,company_aggregation,59,2.265291001094738
Memgraph,company_aggregation,60,2.6110420003533363
Memgraph,company_aggregation,61,2.71950000023935
Memgraph,company_aggregation,62,2.6806669993675314
Memgraph,company_aggregation,63,2.3715829993307125
Memgraph,company_aggregation,64,2.471499999955995
Memgraph,company_aggregation,65,2.459834002365824
Memgraph,company_aggregation,66,2.389334000326926
Memgraph,company_aggregation,67,2.694250000786269
Memgraph,company_aggregation,68,2.344333999644732
Memgraph,company_aggregation,69,2.6877909986069426
Memgraph,company_aggregation,70,2.4959170004876796
Memgraph,company_aggregation,71,2.32766699991771
Memgraph,company_aggregation,72,2.4456249993818346
Memgraph,company_aggregation,73,2.655625001352746
Memgraph,company_aggregation,74,2.4722499983909074
Memgraph,company_aggregation,75,2.3252499995578546
Memgraph,company_aggregation,76,2.301707998412894
Memgraph,company_aggregation,77,2.3625840003660414
Memgraph,company_aggregation,78,2.403208000032464
Memgraph,company_aggregation,79,2.2336250003718305
Memgraph,company_aggregation,80,2.3872500023571774
Memgraph,company_aggregation,81,3.088207999098813
Memgraph,company_aggregation,82,2.4415420011791866
Memgraph,company_aggregation,83,2.4313339999935124
Memgraph,company_aggregation,84,2.3419999997713603
Memgraph,company_aggregation,85,2.331292002054397
Memgraph,company_aggregation,86,2.4080410003080033
Memgraph,company_aggregation,87,2.324166998732835
Memgraph,company_aggregation,88,2.4267500011774246
Memgraph,company_aggregation,89,2.425542003038572
Memgraph,company_aggregation,90,2.4299579999933485
Memgraph,company_aggregation,91,2.4884170015866403
Memgraph,company_aggregation,92,2.4380409995501395
Memgraph,company_aggregation,93,2.4053339984675404
Memgraph,company_aggregation,94,2.3869169999670703
Memgraph,company_aggregation,95,2.3181669967016205
Memgraph,company_aggregation,96,2.2162079985719174
Memgraph,company_aggregation,97,2.472833002684638
Memgraph,company_aggregation,98,2.454000001307577
Memgraph,company_aggregation,99,2.5467910018051043
Memgraph,company_aggregation,100,2.4403330025961623
Memgraph,short_path,1,1.1802500011981465
Memgraph,short_path,2,1.1839170001621824
Memgraph,short_path,3,1.2040830006299075
Memgraph,short_path,4,21.82708299733349
Memgraph,short_path,5,1.4947919989936054
Memgraph,short_path,6,1.27937499928521
Memgraph,short_path,7,2.0935840002493933
Memgraph,short_path,8,1.1924169994017575
Memgraph,short_path,9,1.1712920022546314
Memgraph,short_path,10,1.32474999918486
Memgraph,short_path,11,1.2458749988581985
Memgraph,short_path,12,1.134250000177417
Memgraph,short_path,13,1.1844580003526062
Memgraph,short_path,14,1.1684580022119917
Memgraph,short_path,15,1.1297089986328501
Memgraph,short_path,16,1.132417000917485
Memgraph,short_path,17,1.1938749994442333
Memgraph,short_path,18,1.1603749990172219
Memgraph,short_path,19,1.1424590011301916
Memgraph,short_path,20,1.1792920013249386
Memgraph,short_path,21,1.1682080003083684
Memgraph,short_path,22,1.2400839987094514
Memgraph,short_path,23,1.1429999976826366
Memgraph,short_path,24,1.0795830021379516
Memgraph,short_path,25,1.1665419988275971
Memgraph,short_path,26,1.2297089997446164
Memgraph,short_path,27,1.154499997937819
Memgraph,short_path,28,1.2188750006316695
Memgraph,short_path,29,1.067708002665313
Memgraph,short_path,30,1.0706249995564576
Memgraph,short_path,31,1.2403340006130747
Memgraph,short_path,32,1.44324999928358
Memgraph,short_path,33,1.3596659991890192
Memgraph,short_path,34,1.3735829998040572
Memgraph,short_path,35,1.40333299714257
Memgraph,short_path,36,1.3487079995684326
Memgraph,short_path,37,1.2181249985587783
Memgraph,short_path,38,1.2120419996790588
Memgraph,short_path,39,2.549583001382416
Memgraph,short_path,40,1.308417002292117
Memgraph,short_path,41,1.1307499989925418
Memgraph,short_path,42,1.2422090003383346
Memgraph,short_path,43,1.3983329990878701
Memgraph,short_path,44,46.97808299897588
Memgraph,short_path,45,1.5101669996511191
Memgraph,short_path,46,1.3023329993302468
Memgraph,short_path,47,1.4515830007439945
Memgraph,short_path,48,1.3294589989527594
Memgraph,short_path,49,1.1919999997189734
Memgraph,short_path,50,1.3355000010051299
Memgraph,short_path,51,1.1906670006283093
Memgraph,short_path,52,1.1706660006893799
Memgraph,short_path,53,1.2148329988121986
Memgraph,short_path,54,1.4399170031538233
Memgraph,short_path,55,1.3869169997633435
Memgraph,short_path,56,1.445000001695007
Memgraph,short_path,57,1.4044159979675896
Memgraph,short_path,58,1.3721659997827373
Memgraph,short_path,59,1.2783329984813463
Memgraph,short_path,60,1.4323750001494773
Memgraph,short_path,61,1.4099580002948642
Memgraph,short_path,62,1.4314159998320974
Memgraph,short_path,63,1.2714580007013865
Memgraph,short_path,64,1.2724170010187663
Memgraph,short_path,65,1.4420830011658836
Memgraph,short_path,66,1.607250000233762
Memgraph,short_path,67,1.3326250009413343
Memgraph,short_path,68,1.179584000055911
Memgraph,short_path,69,1.344041000265861
Memgraph,short_path,70,1.244667000719346
Memgraph,short_path,71,2.3711659996479284
Memgraph,short_path,72,1.0891249985434115
Memgraph,short_path,73,1.0814580018632114
Memgraph,short_path,74,1.2520000018412247
Memgraph,short_path,75,1.42437500107917
Memgraph,short_path,76,1.4359999986481853
Memgraph,short_path,77,1.2670409996644594
Memgraph,short_path,78,1.0817090005730279
Memgraph,short_path,79,1.140042000770336
Memgraph,short_path,80,1.1963750002905726
Memgraph,short_path,81,1.069917001586873
Memgraph,short_path,82,50.837624999985565
Memgraph,short_path,83,1.8332920008106157
Memgraph,short_path,84,1.6918750006880146
Memgraph,short_path,85,1.3307919980434235
Memgraph,short_path,86,1.180957999167731
Memgraph,short_path,87,1.27845899987733
Memgraph,short_path,88,1.3000830003875308
Memgraph,short_path,89,1.2489169967011549
Memgraph,short_path,90,1.4130000017757993
Memgraph,short_path,91,1.466624999011401
Memgraph,short_path,92,1.4473750015895348
Memgraph,short_path,93,1.465790999645833
Memgraph,short_path,94,1.4870829982100986
Memgraph,short_path,95,1.1912080008187331
Memgraph,short_path,96,1.3855420002073515
Memgraph,short_path,97,1.4441249986703042
Memgraph,short_path,98,1.4780829988012556
Memgraph,short_path,99,1.4533329995174427
Memgraph,short_path,100,1.434290999895893
FalkorDB,point_lookup,1,0.5820839978696313
FalkorDB,point_lookup,2,0.5843330000061542
FalkorDB,point_lookup,3,0.5292089990689419
FalkorDB,point_lookup,4,0.4546250020212028
FalkorDB,point_lookup,5,0.447375001385808
FalkorDB,point_lookup,6,0.4520840011537075
FalkorDB,point_lookup,7,0.4675410018535331
FalkorDB,point_lookup,8,0.43525000000954606
FalkorDB,point_lookup,9,0.4279159984434955
FalkorDB,point_lookup,10,1.1152080005558673
FalkorDB,point_lookup,11,0.4876669991062954
FalkorDB,point_lookup,12,0.48275000153807923
FalkorDB,point_lookup,13,0.47400000039488077
FalkorDB,point_lookup,14,0.48425000204588287
FalkorDB,point_lookup,15,0.5015000024286564
FalkorDB,point_lookup,16,0.47362500117742456
FalkorDB,point_lookup,17,0.5027499973948579
FalkorDB,point_lookup,18,0.476624998555053
FalkorDB,point_lookup,19,0.4850000004807953
FalkorDB,point_lookup,20,0.4727499981527217
FalkorDB,point_lookup,21,0.48387499919044785
FalkorDB,point_lookup,22,0.47783300033188425
FalkorDB,point_lookup,23,0.47941700177034363
FalkorDB,point_lookup,24,0.487833000079263
FalkorDB,point_lookup,25,0.5300830016494729
FalkorDB,point_lookup,26,0.5561660000239499
FalkorDB,point_lookup,27,0.5731659985031001
FalkorDB,point_lookup,28,0.5798749989480712
FalkorDB,point_lookup,29,0.6254589970922098
FalkorDB,point_lookup,30,0.4977079988748301
FalkorDB,point_lookup,31,0.4962499988323543
FalkorDB,point_lookup,32,0.4709589993581176
FalkorDB,point_lookup,33,0.4942920022585895
FalkorDB,point_lookup,34,0.4647919995477423
FalkorDB,point_lookup,35,0.4896669997833669
FalkorDB,point_lookup,36,0.4468749975785613
FalkorDB,point_lookup,37,0.4772079992108047
FalkorDB,point_lookup,38,0.48520799828111194
FalkorDB,point_lookup,39,0.46629200005554594
FalkorDB,point_lookup,40,0.4712089976237621
FalkorDB,point_lookup,41,0.4779169976245612
FalkorDB,point_lookup,42,0.7577090000268072
FalkorDB,point_lookup,43,0.5042080010753125
FalkorDB,point_lookup,44,0.46258400107035413
FalkorDB,point_lookup,45,0.4503330019360874
FalkorDB,point_lookup,46,0.46020799709367566
FalkorDB,point_lookup,47,0.4627919988706708
FalkorDB,point_lookup,48,0.5005420025554486
FalkorDB,point_lookup,49,0.5462910012283828
FalkorDB,point_lookup,50,0.5097499997646082
FalkorDB,point_lookup,51,0.5109580015414394
FalkorDB,point_lookup,52,0.47341599929495715
FalkorDB,point_lookup,53,0.4760839983646292
FalkorDB,point_lookup,54,0.4736660011985805
FalkorDB,point_lookup,55,0.4564580012811348
FalkorDB,point_lookup,56,0.48054199942271225
FalkorDB,point_lookup,57,0.46445899715763517
FalkorDB,point_lookup,58,0.4612500015355181
FalkorDB,point_lookup,59,0.47616700248909183
FalkorDB,point_lookup,60,0.473000000056345
FalkorDB,point_lookup,61,0.4654580006899778
FalkorDB,point_lookup,62,0.49037500139093027
FalkorDB,point_lookup,63,0.45408300138660707
FalkorDB,point_lookup,64,0.4695000025094487
FalkorDB,point_lookup,65,0.47220800115610473
FalkorDB,point_lookup,66,0.4802090006705839
FalkorDB,point_lookup,67,0.48216700088232756
FalkorDB,point_lookup,68,0.46404100066865794
FalkorDB,point_lookup,69,0.48070800039567985
FalkorDB,point_lookup,70,0.4630409966921434
FalkorDB,point_lookup,71,0.4712920017482247
FalkorDB,point_lookup,72,0.49450000005890615
FalkorDB,point_lookup,73,0.46716700308024883
FalkorDB,point_lookup,74,0.4835420004383195
FalkorDB,point_lookup,75,0.4681249993154779
FalkorDB,point_lookup,76,0.48191599853453226
FalkorDB,point_lookup,77,0.4617910017259419
FalkorDB,point_lookup,78,0.5093330000818241
FalkorDB,point_lookup,79,0.5876250033907127
FalkorDB,point_lookup,80,0.5997500011289958
FalkorDB,point_lookup,81,0.5916250011068769
FalkorDB,point_lookup,82,0.4888749972451478
FalkorDB,point_lookup,83,0.49308399684377946
FalkorDB,point_lookup,84,0.47574999916832894
FalkorDB,point_lookup,85,0.47170800098683685
FalkorDB,point_lookup,86,0.490459002321586
FalkorDB,point_lookup,87,0.5123329974594526
FalkorDB,point_lookup,88,0.4794999986188486
FalkorDB,point_lookup,89,0.45849999878555536
FalkorDB,point_lookup,90,0.4857500025536865
FalkorDB,point_lookup,91,0.4685420026362408
FalkorDB,point_lookup,92,0.4629579998436384
FalkorDB,point_lookup,93,0.47358399751828983
FalkorDB,point_lookup,94,0.4808749981748406
FalkorDB,point_lookup,95,0.4795419990841765
FalkorDB,point_lookup,96,0.4913339980703313
FalkorDB,point_lookup,97,0.468917001853697
FalkorDB,point_lookup,98,0.46633300007670186
FalkorDB,point_lookup,99,0.4955000003974419
FalkorDB,point_lookup,100,0.5028749983466696
FalkorDB,knows_lookup,1,0.6209169987414498
FalkorDB,knows_lookup,2,0.7319590004044585
FalkorDB,knows_lookup,3,0.6744999991497025
FalkorDB,knows_lookup,4,0.6758339986845385
FalkorDB,knows_lookup,5,0.6522910007333849
FalkorDB,knows_lookup,6,0.70479200076079
FalkorDB,knows_lookup,7,0.6670000002486631
FalkorDB,knows_lookup,8,0.6253329993342049
FalkorDB,knows_lookup,9,0.5543750012293458
FalkorDB,knows_lookup,10,0.5683329982275609
FalkorDB,knows_lookup,11,0.5940409973845817
FalkorDB,knows_lookup,12,0.5691670012311079
FalkorDB,knows_lookup,13,0.6043749999662396
FalkorDB,knows_lookup,14,0.5895829999644775
FalkorDB,knows_lookup,15,0.5586670013144612
FalkorDB,knows_lookup,16,0.6187499966472387
FalkorDB,knows_lookup,17,0.5312909997883253
FalkorDB,knows_lookup,18,0.5503749998752028
FalkorDB,knows_lookup,19,0.5271249974612147
FalkorDB,knows_lookup,20,0.5519580008694902
FalkorDB,knows_lookup,21,0.5300000011629891
FalkorDB,knows_lookup,22,0.5355419998522848
FalkorDB,knows_lookup,23,0.5437910003820434
FalkorDB,knows_lookup,24,0.5389170000853483
FalkorDB,knows_lookup,25,0.5560829995374661
FalkorDB,knows_lookup,26,0.5440830027509946
FalkorDB,knows_lookup,27,0.5521669991139788
FalkorDB,knows_lookup,28,0.5455409991554916
FalkorDB,knows_lookup,29,0.6034590005583595
FalkorDB,knows_lookup,30,0.759167000069283
FalkorDB,knows_lookup,31,0.7009170003584586
FalkorDB,knows_lookup,32,0.6572910024260636
FalkorDB,knows_lookup,33,0.6465420010499656
FalkorDB,knows_lookup,34,0.6560420006280765
FalkorDB,knows_lookup,35,0.6210410028870683
FalkorDB,knows_lookup,36,0.5904169993300457
FalkorDB,knows_lookup,37,0.5905420002818573
FalkorDB,knows_lookup,38,0.5407089993241243
FalkorDB,knows_lookup,39,0.5650000020978041
FalkorDB,knows_lookup,40,0.5518750003830064
FalkorDB,knows_lookup,41,0.5469999996421393
FalkorDB,knows_lookup,42,0.5615840018435847
FalkorDB,knows_lookup,43,0.5810000002384186
FalkorDB,knows_lookup,44,0.5797079975309316
FalkorDB,knows_lookup,45,0.6097080004110467
FalkorDB,knows_lookup,46,0.5820410005981103
FalkorDB,knows_lookup,47,0.5713339996873401
FalkorDB,knows_lookup,48,0.5822499988425989
FalkorDB,knows_lookup,49,0.5581660007010214
FalkorDB,knows_lookup,50,0.5617920032818802
FalkorDB,knows_lookup,51,0.541749999683816
FalkorDB,knows_lookup,52,0.5432919970189687
FalkorDB,knows_lookup,53,0.5411659985838924
FalkorDB,knows_lookup,54,0.5729590011469554
FalkorDB,knows_lookup,55,0.5449999989650678
FalkorDB,knows_lookup,56,0.5490419971465599
FalkorDB,knows_lookup,57,0.5686249969585333
FalkorDB,knows_lookup,58,1.263124999240972
FalkorDB,knows_lookup,59,0.8911250006349292
FalkorDB,knows_lookup,60,0.8275000000139698
FalkorDB,knows_lookup,61,0.6303340014710557
FalkorDB,knows_lookup,62,0.6098330013628583
FalkorDB,knows_lookup,63,0.6152079986350145
FalkorDB,knows_lookup,64,0.6119169993326068
FalkorDB,knows_lookup,65,0.5473750024975743
FalkorDB,knows_lookup,66,0.5463329980557319
FalkorDB,knows_lookup,67,0.533667000127025
FalkorDB,knows_lookup,68,0.5390000005718321
FalkorDB,knows_lookup,69,0.5486250011017546
FalkorDB,knows_lookup,70,0.5420839988801163
FalkorDB,knows_lookup,71,0.5441249995783437
FalkorDB,knows_lookup,72,0.5306669991114177
FalkorDB,knows_lookup,73,0.5650000020978041
FalkorDB,knows_lookup,74,0.549791002413258
FalkorDB,knows_lookup,75,0.5614159999822732
FalkorDB,knows_lookup,76,0.5442500005301554
FalkorDB,knows_lookup,77,0.5389170000853483
FalkorDB,knows_lookup,78,0.5427500000223517
FalkorDB,knows_lookup,79,0.5266250009299256
FalkorDB,knows_lookup,80,0.540832999831764
FalkorDB,knows_lookup,81,0.5165000002307352
FalkorDB,knows_lookup,82,0.5672079969372135
FalkorDB,knows_lookup,83,0.5730000011681113
FalkorDB,knows_lookup,84,0.5734579972340725
FalkorDB,knows_lookup,85,0.5787090012745466
FalkorDB,knows_lookup,86,0.6342499982565641
FalkorDB,knows_lookup,87,0.6738749980286229
FalkorDB,knows_lookup,88,0.7169999989855569
FalkorDB,knows_lookup,89,0.5992920014250558
FalkorDB,knows_lookup,90,0.6188329971337225
FalkorDB,knows_lookup,91,0.6227499980013818
FalkorDB,knows_lookup,92,0.5800420003652107
FalkorDB,knows_lookup,93,0.5456250000861473
FalkorDB,knows_lookup,94,0.5190000010770746
FalkorDB,knows_lookup,95,0.5425420022220351
FalkorDB,knows_lookup,96,0.5644170014420524
FalkorDB,knows_lookup,97,0.5570840003201738
FalkorDB,knows_lookup,98,0.5061249976279214
FalkorDB,knows_lookup,99,0.569207997614285
FalkorDB,knows_lookup,100,0.5628750004689209
FalkorDB,person_company_city,1,0.7890000015322585
FalkorDB,person_company_city,2,0.73533300019335
FalkorDB,person_company_city,3,0.7971660015755333
FalkorDB,person_company_city,4,0.7857919990783557
FalkorDB,person_company_city,5,0.7283749982889276
FalkorDB,person_company_city,6,0.729499999579275
FalkorDB,person_company_city,7,0.6442499980039429
FalkorDB,person_company_city,8,0.692625002557179
FalkorDB,person_company_city,9,0.7377090005320497
FalkorDB,person_company_city,10,0.6509999984700698
FalkorDB,person_company_city,11,0.6422919977921993
FalkorDB,person_company_city,12,0.6784590004826896
FalkorDB,person_company_city,13,0.68858400118188
FalkorDB,person_company_city,14,0.5972919971100055
FalkorDB,person_company_city,15,0.6411249996745028
FalkorDB,person_company_city,16,0.6255420012166724
FalkorDB,person_company_city,17,0.6449579996115062
FalkorDB,person_company_city,18,0.6829170015407726
FalkorDB,person_company_city,19,0.646874999802094
FalkorDB,person_company_city,20,0.6707499996991828
FalkorDB,person_company_city,21,0.6928340008016676
FalkorDB,person_company_city,22,0.6552090017066803
FalkorDB,person_company_city,23,0.6264580006245524
FalkorDB,person_company_city,24,0.5855000017618295
FalkorDB,person_company_city,25,0.699791002261918
FalkorDB,person_company_city,26,0.7327500024985056
FalkorDB,person_company_city,27,0.6897919993207324
FalkorDB,person_company_city,28,0.7622089979122393
FalkorDB,person_company_city,29,0.6691669987048954
FalkorDB,person_company_city,30,0.6292910002230201
FalkorDB,person_company_city,31,0.6249589969229419
FalkorDB,person_company_city,32,0.6764169993402902
FalkorDB,person_company_city,33,0.6632080003328156
FalkorDB,person_company_city,34,0.6711659989377949
FalkorDB,person_company_city,35,0.5744589980167802
FalkorDB,person_company_city,36,0.6159170006867498
FalkorDB,person_company_city,37,0.6524999989778735
FalkorDB,person_company_city,38,0.6662909981969278
FalkorDB,person_company_city,39,0.5947079989709891
FalkorDB,person_company_city,40,0.6011250006849878
FalkorDB,person_company_city,41,0.5893750021641608
FalkorDB,person_company_city,42,0.5886250000912696
FalkorDB,person_company_city,43,0.6314160018519033
FalkorDB,person_company_city,44,0.5805000000691507
FalkorDB,person_company_city,45,0.6753749985364266
FalkorDB,person_company_city,46,0.598833998083137
FalkorDB,person_company_city,47,0.572749999264488
FalkorDB,person_company_city,48,0.5805830005556345
FalkorDB,person_company_city,49,0.5718749998777639
FalkorDB,person_company_city,50,0.7407500015688129
FalkorDB,person_company_city,51,0.736250000045402
FalkorDB,person_company_city,52,1.0378330007370096
FalkorDB,person_company_city,53,0.8999589990708046
FalkorDB,person_company_city,54,0.8603339992987458
FalkorDB,person_company_city,55,0.7423329989251215
FalkorDB,person_company_city,56,0.6945409986656159
FalkorDB,person_company_city,57,0.6519160015159287
FalkorDB,person_company_city,58,0.6015409999235999
FalkorDB,person_company_city,59,0.5786250003438909
FalkorDB,person_company_city,60,0.5779169987363275
FalkorDB,person_company_city,61,0.5696670014003757
FalkorDB,person_company_city,62,0.5698750028386712
FalkorDB,person_company_city,63,0.5533330004254822
FalkorDB,person_company_city,64,0.6032080018485431
FalkorDB,person_company_city,65,0.5809169997519348
FalkorDB,person_company_city,66,0.6415839998226147
FalkorDB,person_company_city,67,0.5497499987541232
FalkorDB,person_company_city,68,0.5596250011876691
FalkorDB,person_company_city,69,0.5667080004059244
FalkorDB,person_company_city,70,0.5274169998301659
FalkorDB,person_company_city,71,0.5602499986707699
FalkorDB,person_company_city,72,0.5579580029007047
FalkorDB,person_company_city,73,0.5664169984811451
FalkorDB,person_company_city,74,0.5595409966190346
FalkorDB,person_company_city,75,0.5734580008720513
FalkorDB,person_company_city,76,0.5937500027357601
FalkorDB,person_company_city,77,0.5890419997740537
FalkorDB,person_company_city,78,0.6929170012881514
FalkorDB,person_company_city,79,0.6784170000173617
FalkorDB,person_company_city,80,0.711582997610094
FalkorDB,person_company_city,81,0.7762909990560729
FalkorDB,person_company_city,82,0.6430419998650905
FalkorDB,person_company_city,83,0.6456669980252627
FalkorDB,person_company_city,84,0.6401250029739458
FalkorDB,person_company_city,85,0.5955409978923853
FalkorDB,person_company_city,86,0.6277499996940605
FalkorDB,person_company_city,87,0.6492920001619495
FalkorDB,person_company_city,88,0.6654579992755316
FalkorDB,person_company_city,89,0.6261669986997731
FalkorDB,person_company_city,90,0.5816669981868472
FalkorDB,person_company_city,91,0.6276659987634048
FalkorDB,person_company_city,92,0.5477920021803584
FalkorDB,person_company_city,93,0.6241250011953525
FalkorDB,person_company_city,94,0.6990830006543547
FalkorDB,person_company_city,95,0.6562089984072372
FalkorDB,person_company_city,96,0.6614170015382115
FalkorDB,person_company_city,97,0.6611249991692603
FalkorDB,person_company_city,98,0.656209002045216
FalkorDB,person_company_city,99,0.646417000098154
FalkorDB,person_company_city,100,0.6163340003695339
FalkorDB,two_hop_traversal,1,0.6695839983876795
FalkorDB,two_hop_traversal,2,0.6359159997373354
FalkorDB,two_hop_traversal,3,0.6336250007734634
FalkorDB,two_hop_traversal,4,0.6888329990033526
FalkorDB,two_hop_traversal,5,0.7474159974663053
FalkorDB,two_hop_traversal,6,0.6890830009069759
FalkorDB,two_hop_traversal,7,0.6038339997758158
FalkorDB,two_hop_traversal,8,0.6730839995725546
FalkorDB,two_hop_traversal,9,0.6147909989522304
FalkorDB,two_hop_traversal,10,0.6647500013059471
FalkorDB,two_hop_traversal,11,0.6000829998811241
FalkorDB,two_hop_traversal,12,0.5807919988001231
FalkorDB,two_hop_traversal,13,0.5502079984580632
FalkorDB,two_hop_traversal,14,0.5492079981195275
FalkorDB,two_hop_traversal,15,0.6818330002715811
FalkorDB,two_hop_traversal,16,0.7136669992178213
FalkorDB,two_hop_traversal,17,0.6964170024730265
FalkorDB,two_hop_traversal,18,0.6150420013000257
FalkorDB,two_hop_traversal,19,0.6997080017754342
FalkorDB,two_hop_traversal,20,0.701625001966022
FalkorDB,two_hop_traversal,21,0.6024579997756518
FalkorDB,two_hop_traversal,22,0.6419170022127219
FalkorDB,two_hop_traversal,23,0.6456250011979137
FalkorDB,two_hop_traversal,24,0.708416999259498
FalkorDB,two_hop_traversal,25,0.7742080015304964
FalkorDB,two_hop_traversal,26,0.6660830003966112
FalkorDB,two_hop_traversal,27,0.6827500001236331
FalkorDB,two_hop_traversal,28,0.6516249995911494
FalkorDB,two_hop_traversal,29,0.6303750014922116
FalkorDB,two_hop_traversal,30,0.613666998106055
FalkorDB,two_hop_traversal,31,0.6822089999332093
FalkorDB,two_hop_traversal,32,0.6323329980659764
FalkorDB,two_hop_traversal,33,0.6609169977309648
FalkorDB,two_hop_traversal,34,0.6961670005694032
FalkorDB,two_hop_traversal,35,0.6106250002630986
FalkorDB,two_hop_traversal,36,0.5938750000495929
FalkorDB,two_hop_traversal,37,0.5672500010405201
FalkorDB,two_hop_traversal,38,0.6668749992968515
FalkorDB,two_hop_traversal,39,0.7848340028431267
FalkorDB,two_hop_traversal,40,0.5775839999841992
FalkorDB,two_hop_traversal,41,0.6559169996762648
FalkorDB,two_hop_traversal,42,0.6964999993215315
FalkorDB,two_hop_traversal,43,0.6961250001040753
FalkorDB,two_hop_traversal,44,0.7241250023071188
FalkorDB,two_hop_traversal,45,0.7246250024763867
FalkorDB,two_hop_traversal,46,0.6214999993972015
FalkorDB,two_hop_traversal,47,0.6782920027035289
FalkorDB,two_hop_traversal,48,0.7096250010363292
FalkorDB,two_hop_traversal,49,0.7835409996914677
FalkorDB,two_hop_traversal,50,0.7004999970376957
FalkorDB,two_hop_traversal,51,0.7255000018631108
FalkorDB,two_hop_traversal,52,0.6518749978567939
FalkorDB,two_hop_traversal,53,0.5827919994771946
FalkorDB,two_hop_traversal,54,0.6154170005174819
FalkorDB,two_hop_traversal,55,0.6893749996379483
FalkorDB,two_hop_traversal,56,0.592958000197541
FalkorDB,two_hop_traversal,57,0.5899999996472616
FalkorDB,two_hop_traversal,58,0.5668750018230639
FalkorDB,two_hop_traversal,59,0.560584001505049
FalkorDB,two_hop_traversal,60,0.5663750016537961
FalkorDB,two_hop_traversal,61,0.5817500023113098
FalkorDB,two_hop_traversal,62,0.5385420008678921
FalkorDB,two_hop_traversal,63,0.5674160020134877
FalkorDB,two_hop_traversal,64,0.5829170004290063
FalkorDB,two_hop_traversal,65,0.5977910004730802
FalkorDB,two_hop_traversal,66,0.5636250025418121
FalkorDB,two_hop_traversal,67,0.5784999993920792
FalkorDB,two_hop_traversal,68,0.5598329989879858
FalkorDB,two_hop_traversal,69,0.5612079985439777
FalkorDB,two_hop_traversal,70,0.5828329994983505
FalkorDB,two_hop_traversal,71,0.5971659993520007
FalkorDB,two_hop_traversal,72,0.5991670004732441
FalkorDB,two_hop_traversal,73,0.6114999996498227
FalkorDB,two_hop_traversal,74,0.6392920004145708
FalkorDB,two_hop_traversal,75,0.7457499996235128
FalkorDB,two_hop_traversal,76,0.6863329981570132
FalkorDB,two_hop_traversal,77,0.7141249989217613
FalkorDB,two_hop_traversal,78,0.7395000029646326
FalkorDB,two_hop_traversal,79,0.6420839999918826
FalkorDB,two_hop_traversal,80,0.6377919999067672
FalkorDB,two_hop_traversal,81,0.6358749997161794
FalkorDB,two_hop_traversal,82,0.7037499999569263
FalkorDB,two_hop_traversal,83,0.7139160006772727
FalkorDB,two_hop_traversal,84,0.6065830020816065
FalkorDB,two_hop_traversal,85,0.6906669987074565
FalkorDB,two_hop_traversal,86,0.7085830002324656
FalkorDB,two_hop_traversal,87,0.6152499991003424
FalkorDB,two_hop_traversal,88,0.5848750006407499
FalkorDB,two_hop_traversal,89,0.5824590007250663
FalkorDB,two_hop_traversal,90,0.5598329989879858
FalkorDB,two_hop_traversal,91,0.6739999989804346
FalkorDB,two_hop_traversal,92,0.7002499987720512
FalkorDB,two_hop_traversal,93,0.7073329979903065
FalkorDB,two_hop_traversal,94,0.6952500007173512
FalkorDB,two_hop_traversal,95,0.7120420013961848
FalkorDB,two_hop_traversal,96,0.6006670009810477
FalkorDB,two_hop_traversal,97,0.6094589989515953
FalkorDB,two_hop_traversal,98,0.6273340004554484
FalkorDB,two_hop_traversal,99,0.666166000883095
FalkorDB,two_hop_traversal,100,0.8067500020842999
FalkorDB,company_aggregation,1,2.3257080028997734
FalkorDB,company_aggregation,2,1.9587919996411074
FalkorDB,company_aggregation,3,3.4032920011668466
FalkorDB,company_aggregation,4,1.9752090011024848
FalkorDB,company_aggregation,5,1.8897080008173361
FalkorDB,company_aggregation,6,1.7820840002968907
FalkorDB,company_aggregation,7,1.3819999985571485
FalkorDB,company_aggregation,8,1.7396250004821923
FalkorDB,company_aggregation,9,2.0904170014546253
FalkorDB,company_aggregation,10,1.9106670006294735
FalkorDB,company_aggregation,11,2.0251669993740506
FalkorDB,company_aggregation,12,2.1796670007461216
FalkorDB,company_aggregation,13,1.5011659997981042
FalkorDB,company_aggregation,14,1.5517089996137656
FalkorDB,company_aggregation,15,1.5503750000789296
FalkorDB,company_aggregation,16,1.5215829989756458
FalkorDB,company_aggregation,17,1.4643329996033572
FalkorDB,company_aggregation,18,1.6887500023585744
FalkorDB,company_aggregation,19,2.9465840016200673
FalkorDB,company_aggregation,20,1.5636660027666949
FalkorDB,company_aggregation,21,1.9030829971597996
FalkorDB,company_aggregation,22,1.9185420023859479
FalkorDB,company_aggregation,23,1.3097919982101303
FalkorDB,company_aggregation,24,1.7713339984766208
FalkorDB,company_aggregation,25,1.772124996932689
FalkorDB,company_aggregation,26,2.17091600279673
FalkorDB,company_aggregation,27,2.1218750007392373
FalkorDB,company_aggregation,28,1.9305839996377472
FalkorDB,company_aggregation,29,2.1852079989912454
FalkorDB,company_aggregation,30,1.308582999627106
FalkorDB,company_aggregation,31,2.147749997675419
FalkorDB,company_aggregation,32,2.232083999842871
FalkorDB,company_aggregation,33,2.141334000043571
FalkorDB,company_aggregation,34,2.1366660002968274
FalkorDB,company_aggregation,35,2.1747920000052545
FalkorDB,company_aggregation,36,2.1711669978685677
FalkorDB,company_aggregation,37,2.1712080015277024
FalkorDB,company_aggregation,38,2.15037499947357
FalkorDB,company_aggregation,39,2.1137500007171184
FalkorDB,company_aggregation,40,1.6761250008130446
FalkorDB,company_aggregation,41,2.080250000290107
FalkorDB,company_aggregation,42,2.1518749999813735
FalkorDB,company_aggregation,43,2.124750000803033
FalkorDB,company_aggregation,44,2.095125000778353
FalkorDB,company_aggregation,45,2.1035829995526
FalkorDB,company_aggregation,46,2.0978749998903368
FalkorDB,company_aggregation,47,2.1581250002782326
FalkorDB,company_aggregation,48,2.1640830018441193
FalkorDB,company_aggregation,49,2.11200000194367
FalkorDB,company_aggregation,50,2.0812920010939706
FalkorDB,company_aggregation,51,2.1554999984800816
FalkorDB,company_aggregation,52,1.2302909999561962
FalkorDB,company_aggregation,53,2.0747499984281603
FalkorDB,company_aggregation,54,1.367750002827961
FalkorDB,company_aggregation,55,2.0584580015565734
FalkorDB,company_aggregation,56,2.1016669998061843
FalkorDB,company_aggregation,57,1.2439999991329387
FalkorDB,company_aggregation,58,2.0540410005196463
FalkorDB,company_aggregation,59,2.1643750005750917
FalkorDB,company_aggregation,60,2.107542000885587
FalkorDB,company_aggregation,61,2.1657500001310837
FalkorDB,company_aggregation,62,2.15783300154726
FalkorDB,company_aggregation,63,1.8746249988907948
FalkorDB,company_aggregation,64,1.8001249991357327
FalkorDB,company_aggregation,65,1.7376249998051208
FalkorDB,company_aggregation,66,2.099458000884624
FalkorDB,company_aggregation,67,2.1352920011850074
FalkorDB,company_aggregation,68,2.1334999983082525
FalkorDB,company_aggregation,69,2.109500001097331
FalkorDB,company_aggregation,70,2.171042000554735
FalkorDB,company_aggregation,71,2.1940420010650996
FalkorDB,company_aggregation,72,2.1110419984324835
FalkorDB,company_aggregation,73,2.105292001942871
FalkorDB,company_aggregation,74,2.091915997880278
FalkorDB,company_aggregation,75,2.1842919995833654
FalkorDB,company_aggregation,76,2.207290999649558
FalkorDB,company_aggregation,77,2.0974170001863968
FalkorDB,company_aggregation,78,2.180499999667518
FalkorDB,company_aggregation,79,2.1972920003463514
FalkorDB,company_aggregation,80,2.1230000020295847
FalkorDB,company_aggregation,81,2.1128750013303943
FalkorDB,company_aggregation,82,2.1455419991980307
FalkorDB,company_aggregation,83,2.1501670016732533
FalkorDB,company_aggregation,84,2.159374998882413
FalkorDB,company_aggregation,85,1.9596250022004824
FalkorDB,company_aggregation,86,2.193915999669116
FalkorDB,company_aggregation,87,2.1420419980131555
FalkorDB,company_aggregation,88,2.1679170022252947
FalkorDB,company_aggregation,89,2.178917002311209
FalkorDB,company_aggregation,90,1.2920000008307397
FalkorDB,company_aggregation,91,2.1221660026640166
FalkorDB,company_aggregation,92,2.199750000727363
FalkorDB,company_aggregation,93,2.0921670002280734
FalkorDB,company_aggregation,94,2.222709001216572
FalkorDB,company_aggregation,95,2.194749999034684
FalkorDB,company_aggregation,96,2.119374999892898
FalkorDB,company_aggregation,97,2.12554100289708
FalkorDB,company_aggregation,98,2.150749998691026
FalkorDB,company_aggregation,99,2.141375000064727
FalkorDB,company_aggregation,100,2.147167000657646
FalkorDB,short_path,1,1.0982499989040662
FalkorDB,short_path,2,1.1931660010304768
FalkorDB,short_path,3,1.1201250017620623
FalkorDB,short_path,4,1.1292499984847382
FalkorDB,short_path,5,1.1177080014022067
FalkorDB,short_path,6,1.092957998480415
FalkorDB,short_path,7,1.1134999986097682
FalkorDB,short_path,8,1.1649579973891377
FalkorDB,short_path,9,1.141834000009112
FalkorDB,short_path,10,1.1914159986190498
FalkorDB,short_path,11,1.1300420010229573
FalkorDB,short_path,12,1.0899170010816306
FalkorDB,short_path,13,1.1569169982976746
FalkorDB,short_path,14,1.1649999978544656
FalkorDB,short_path,15,1.1308749999443535
FalkorDB,short_path,16,1.0894160004681908
FalkorDB,short_path,17,1.1118340007669758
FalkorDB,short_path,18,1.091083999199327
FalkorDB,short_path,19,1.0955409998132382
FalkorDB,short_path,20,1.0867920027521905
FalkorDB,short_path,21,1.1069579995819367
FalkorDB,short_path,22,1.0907089999818709
FalkorDB,short_path,23,1.1035419993277173
FalkorDB,short_path,24,1.0878329994739033
FalkorDB,short_path,25,1.1167500015289988
FalkorDB,short_path,26,1.0894170009123627
FalkorDB,short_path,27,1.086125001165783
FalkorDB,short_path,28,1.0745830004452728
FalkorDB,short_path,29,1.0425000000395812
FalkorDB,short_path,30,1.0074160018120892
FalkorDB,short_path,31,0.9900830009428319
FalkorDB,short_path,32,1.0146659988095053
FalkorDB,short_path,33,1.0536250010773074
FalkorDB,short_path,34,1.0652499986463226
FalkorDB,short_path,35,1.0678329999791458
FalkorDB,short_path,36,1.0552920030022506
FalkorDB,short_path,37,1.0590000019874424
FalkorDB,short_path,38,1.1323329999868292
FalkorDB,short_path,39,1.1484999995445833
FalkorDB,short_path,40,1.0418330020911526
FalkorDB,short_path,41,1.0503339981369209
FalkorDB,short_path,42,1.0263340009259991
FalkorDB,short_path,43,1.0020420013461262
FalkorDB,short_path,44,1.0521660005906597
FalkorDB,short_path,45,1.1536669990164228
FalkorDB,short_path,46,1.1345000020810403
FalkorDB,short_path,47,1.1044159982702695
FalkorDB,short_path,48,1.116708001063671
FalkorDB,short_path,49,1.106832998630125
FalkorDB,short_path,50,1.1468340017017908
FalkorDB,short_path,51,1.0984170003212057
FalkorDB,short_path,52,1.1152919978485443
FalkorDB,short_path,53,1.104582999687409
FalkorDB,short_path,54,1.1426250021031592
FalkorDB,short_path,55,1.1307499989925418
FalkorDB,short_path,56,1.1093339999206364
FalkorDB,short_path,57,1.1031670001102611
FalkorDB,short_path,58,1.0954580029647332
FalkorDB,short_path,59,1.0867919991142116
FalkorDB,short_path,60,1.1088749997725245
FalkorDB,short_path,61,1.087999997253064
FalkorDB,short_path,62,1.098667002224829
FalkorDB,short_path,63,1.075874999514781
FalkorDB,short_path,64,1.0755000002973247
FalkorDB,short_path,65,1.0765839979285374
FalkorDB,short_path,66,1.0972080017381813
FalkorDB,short_path,67,1.1058749987569172
FalkorDB,short_path,68,1.0984999971697107
FalkorDB,short_path,69,1.052875002642395
FalkorDB,short_path,70,1.0746660009317566
FalkorDB,short_path,71,1.1852909992740024
FalkorDB,short_path,72,1.1447919969214126
FalkorDB,short_path,73,1.078042001608992
FalkorDB,short_path,74,1.0535420005908236
FalkorDB,short_path,75,1.0738750024756882
FalkorDB,short_path,76,1.0726250002335291
FalkorDB,short_path,77,1.0909999982686713
FalkorDB,short_path,78,1.1004580010194331
FalkorDB,short_path,79,1.0989170004904736
FalkorDB,short_path,80,1.0677500031306408
FalkorDB,short_path,81,1.083499999367632
FalkorDB,short_path,82,1.0860420006792992
FalkorDB,short_path,83,1.1145000025862828
FalkorDB,short_path,84,1.1103340002591722
FalkorDB,short_path,85,1.0618329979479313
FalkorDB,short_path,86,1.0765419974632096
FalkorDB,short_path,87,1.0764170001493767
FalkorDB,short_path,88,1.0987079986080062
FalkorDB,short_path,89,19.066500000917586
FalkorDB,short_path,90,1.1125410019303672
FalkorDB,short_path,91,1.121707999118371
FalkorDB,short_path,92,1.1062909979955293
FalkorDB,short_path,93,1.0881250018428545
FalkorDB,short_path,94,1.0617910011205822
FalkorDB,short_path,95,1.0940419997496065
FalkorDB,short_path,96,1.0827499972947408
FalkorDB,short_path,97,1.076291999197565
FalkorDB,short_path,98,1.0922920009761583
FalkorDB,short_path,99,1.0704580017772969
FalkorDB,short_path,100,1.0883329996431712
